INSERT INTO Person (person_id, person_name, gender, dob, contact_no, college_name, roles) VALUES
('P001', 'Aarav Patel', 'Male', '2003-04-15', '9876500001', 'DA-IICT', 'Player'),
('P002', 'Rohan Mehta', 'Male', '2002-07-22', '9876500002', 'Nirma University', 'Player'),
('P003', 'Ishita Shah', 'Female', '2004-02-10', '9876500003', 'PDPU', 'Player'),
('P004', 'Neel Desai', 'Male', '2003-09-28', '9876500004', 'LDCE', 'Player'),
('P005', 'Dhruv Joshi', 'Male', '2001-12-05', '9876500005', 'DA-IICT', 'Player'),
('P006', 'Ananya Trivedi', 'Female', '2004-05-18', '9876500006', 'IIT Gandhinagar', 'Player'),
('P007', 'Harsh Pandya', 'Male', '2002-11-09', '9876500007', 'MSU Baroda', 'Player'),
('P008', 'Kavya Shah', 'Female', '2003-03-14', '9876500008', 'DA-IICT', 'Player'),
('P009', 'Yash Rajput', 'Male', '2004-01-20', '9876500009', 'Nirma University', 'Player'),
('P010', 'Riya Bhatt', 'Female', '2004-07-02', '9876500010', 'DA-IICT', 'Player'),
('P011', 'Aditya Nair', 'Male', '2001-06-30', '9876500011', 'PDPU', 'Player'),
('P012', 'Simran Kaur', 'Female', '2006-10-05', '9876500012', 'IIT Gandhinagar', 'Player'),
('P013', 'Manav Sharma', 'Male', '2003-01-19', '9876500013', 'LDCE', 'Player'),
('P014', 'Priya Deshmukh', 'Female', '2002-05-27', '9876500014', 'MSU Baroda', 'Player'),
('P015', 'Arjun Reddy', 'Male', '2001-03-12', '9876500015', 'DA-IICT', 'Player'),
('P016', 'Sneha Pillai', 'Female', '2004-08-08', '9876500016', 'Nirma University', 'Player'),
('P017', 'Ritik Verma', 'Male', '2002-12-16', '9876500017', 'PDPU', 'Player'),
('P018', 'Tanya Jain', 'Female', '2003-02-04', '9876500018', 'LDCE', 'Player'),
('P019', 'Kunal Sinha', 'Male', '2004-03-09', '9876500019', 'DA-IICT', 'Player'),
('P020', 'Megha Iyer', 'Female', '2001-07-21', '9876500020', 'IIT Gandhinagar', 'Player'),
('P021', 'Nikhil Chauhan', 'Male', '2003-10-01', '9876500021', 'MSU Baroda', 'Player'),
('P022', 'Diya Patel', 'Female', '2004-06-06', '9876500022', 'DA-IICT', 'Player'),
('P023', 'Vivek Gupta', 'Male', '2002-02-24', '9876500023', 'Nirma University', 'Player'),
('P024', 'Aditi Rao', 'Female', '2003-11-13', '9876500024', 'DA-IICT', 'Player'),
('P025', 'Sahil Kapoor', 'Male', '2004-09-05', '9876500025', 'PDPU', 'Player'),
('P026', 'Nisha Menon', 'Female', '2003-05-11', '9876500026', 'LDCE', 'Player'),
('P027', 'Yuvraj Singh', 'Male', '2002-08-30', '9876500027', 'DA-IICT', 'Player'),
('P028', 'Rachita Ghosh', 'Female', '2001-04-07', '9876500028', 'IIT Gandhinagar', 'Player'),
('P029', 'Varun Malhotra', 'Male', '2004-02-22', '9876500029', 'MSU Baroda', 'Player'),
('P030', 'Shreya Bansal', 'Female', '2002-06-18', '9876500030', 'DA-IICT', 'Player'),
('P031', 'Ankit Sharma', 'Male', '2001-09-12', '9876500031', 'Nirma University', 'Player'),
('P032', 'Kritika Chawla', 'Female', '2003-01-25', '9876500032', 'DA-IICT', 'Player'),
('P033', 'Dev Patel', 'Male', '2004-03-03', '9876500033', 'PDPU', 'Player'),
('P034', 'Snehal Shah', 'Female', '2002-07-16', '9876500034', 'LDCE', 'Player'),
('P035', 'Parth Gajjar', 'Male', '2003-12-29', '9876500035', 'DA-IICT', 'Player'),
('P036', 'Ankita Mehta', 'Female', '2004-10-14', '9876500036', 'IIT Gandhinagar', 'Player'),
('P037', 'Rahul Jain', 'Male', '2001-08-19', '9876500037', 'MSU Baroda', 'Player'),
('P038', 'Mitali Nair', 'Female', '2004-05-25', '9876500038', 'DA-IICT', 'Player'),
('P039', 'Jay Desai', 'Male', '2002-09-02', '9876500039', 'Nirma University', 'Player'),
('P040', 'Isha Kapoor', 'Female', '2003-11-07', '9876500040', 'DA-IICT', 'Player'),
('P041', 'Rohit Bansal', 'Male', '2004-04-13', '9876500041', 'PDPU', 'Player'),
('P042', 'Aanya Shetty', 'Female', '2001-02-10', '9876500042', 'LDCE', 'Player'),
('P043', 'Karan Tiwari', 'Male', '2004-08-01', '9876500043', 'IIT Gandhinagar', 'Player'),
('P044', 'Nidhi Deshmukh', 'Female', '2002-01-05', '9876500044', 'MSU Baroda', 'Player'),
('P045', 'Ritesh Jha', 'Male', '2003-06-20', '9876500045', 'DA-IICT', 'Player'),
('P046', 'Aarohi Mehta', 'Female', '2004-09-09', '9876500046', 'Nirma University', 'Player'),
('P047', 'Mohit Kumar', 'Male', '2002-10-18', '9876500047', 'PDPU', 'Player'),
('P048', 'Jahnavi Joshi', 'Female', '2003-07-27', '9876500048', 'LDCE', 'Player'),
('P049', 'Tushar Jain', 'Male', '2004-12-15', '9876500049', 'DA-IICT', 'Player'),
('P050', 'Pooja Shah', 'Female', '2001-03-08', '9876500050', 'IIT Gandhinagar', 'Player'),
('P051', 'Samar Vora', 'Male', '2002-08-03', '9876500051', 'MSU Baroda', 'Player'),
('P052', 'Sanya Patel', 'Female', '2004-06-12', '9876500052', 'Nirma University', 'Player'),
('P053', 'Dhruv Trivedi', 'Male', '2001-09-11', '9876500053', 'DA-IICT', 'Player'),
('P054', 'Ira Choksi', 'Female', '2003-05-09', '9876500054', 'PDPU', 'Player'),
('P055', 'Rachit Jain', 'Male', '2004-07-14', '9876500055', 'LDCE', 'Player'),
('P056', 'Neha Sharma', 'Female', '2002-11-29', '9876500056', 'DA-IICT', 'Player'),
('P057', 'Saurabh Singh', 'Male', '2003-01-02', '9876500057', 'Nirma University', 'Player'),
('P058', 'Aarohi Nanda', 'Female', '2004-10-27', '9876500058', 'IIT Gandhinagar', 'Player'),
('P059', 'Karan Gohil', 'Male', '2002-04-23', '9876500059', 'MSU Baroda', 'Player'),
('P060', 'Anushka Vyas', 'Female', '2004-12-11', '9876500060', 'DA-IICT', 'Player'),
('P061', 'Hardik Patel', 'Male', '2001-07-18', '9876500061', 'PDPU', 'Player'),
('P062', 'Sneha Shukla', 'Female', '2004-09-25', '9876500062', 'LDCE', 'Player'),
('P063', 'Arjun Soni', 'Male', '2003-06-17', '9876500063', 'DA-IICT', 'Player'),
('P064', 'Kritika Joshi', 'Female', '2004-02-02', '9876500064', 'IIT Gandhinagar', 'Player'),
('P065', 'Pranav Modi', 'Male', '2002-05-05', '9876500065', 'Nirma University', 'Player'),
('P066', 'Nisha Raval', 'Female', '2003-09-08', '9876500066', 'MSU Baroda', 'Player'),
('P067', 'Mihir Shah', 'Male', '2001-10-15', '9876500067', 'DA-IICT', 'Player'),
('P068', 'Riya Trivedi', 'Female', '2004-03-28', '9876500068', 'LDCE', 'Player'),
('P069', 'Rudra Bhatt', 'Male', '2004-05-30', '9876500069', 'PDPU', 'Player'),
('P070', 'Jiya Mehta', 'Female', '2002-12-04', '9876500070', 'DA-IICT', 'Player'),
('P071', 'Nirav Patel', 'Male', '2003-08-20', '9876500071', 'Nirma University', 'Player'),
('P072', 'Tanvi Ghosh', 'Female', '2004-10-07', '9876500072', 'DA-IICT', 'Player'),
('P073', 'Raj Deshmukh', 'Male', '2002-02-25', '9876500073', 'MSU Baroda', 'Player'),
('P074', 'Aisha Khan', 'Female', '2003-04-19', '9876500074', 'IIT Gandhinagar', 'Player'),
('P075', 'Jay Mehta', 'Male', '2001-06-16', '9876500075', 'LDCE', 'Player'),
('P076', 'Manya Patel', 'Female', '2003-09-10', '9876500076', 'DA-IICT', 'Player'),
('P077', 'Aman Sharma', 'Male', '2004-08-15', '9876500077', 'Nirma University', 'Player'),
('P078', 'Harini Iyer', 'Female', '2002-03-14', '9876500078', 'PDPU', 'Player'),
('P079', 'Dharmik Bhavsar', 'Male', '2003-11-29', '9876500079', 'DA-IICT', 'Player'),
('P080', 'Ritika Dave', 'Female', '2004-07-03', '9876500080', 'LDCE', 'Player'),
('P081', 'Krish Parekh', 'Male', '2002-01-23', '9876500081', 'DA-IICT', 'Player'),
('P082', 'Pooja Shetty', 'Female', '2004-05-27', '9876500082', 'IIT Gandhinagar', 'Player'),
('P083', 'Yash Mahajan', 'Male', '2001-12-19', '9876500083', 'MSU Baroda', 'Player'),
('P084', 'Snehal Solanki', 'Female', '2004-09-11', '9876500084', 'DA-IICT', 'Player'),
('P085', 'Kushal Patel', 'Male', '2003-03-17', '9876500085', 'Nirma University', 'Player'),
('P086', 'Anvi Desai', 'Female', '2004-04-22', '9876500086', 'DA-IICT', 'Player'),
('P087', 'Ritesh Purohit', 'Male', '2001-07-06', '9876500087', 'PDPU', 'Player'),
('P088', 'Nidhi Kothari', 'Female', '2003-10-30', '9876500088', 'LDCE', 'Player'),
('P089', 'Tirth Patel', 'Male', '2002-09-09', '9876500089', 'DA-IICT', 'Player'),
('P090', 'Aanya Vora', 'Female', '2004-11-21', '9876500090', 'MSU Baroda', 'Player'),
('P091', 'Harshil Mehta', 'Male', '2003-08-25', '9876500091', 'DA-IICT', 'Player'),
('P092', 'Kavisha Nair', 'Female', '2002-06-13', '9876500092', 'PDPU', 'Player'),
('P093', 'Manan Shah', 'Male', '2004-03-05', '9876500093', 'LDCE', 'Player'),
('P094', 'Dhriti Patel', 'Female', '2003-01-08', '9876500094', 'DA-IICT', 'Player'),
('P095', 'Yug Thakkar', 'Male', '2002-02-14', '9876500095', 'Nirma University', 'Player'),
('P096', 'Mahi Choksi', 'Female', '2004-10-02', '9876500096', 'IIT Gandhinagar', 'Player'),
('P097', 'Vansh Gajjar', 'Male', '2001-11-11', '9876500097', 'MSU Baroda', 'Player'),
('P098', 'Rashmi Jain', 'Female', '2004-09-23', '9876500098', 'DA-IICT', 'Player'),
('P099', 'Chirag Patel', 'Male', '2003-07-18', '9876500099', 'DA-IICT', 'Player'),
('P100', 'Shruti Nanda', 'Female', '2002-12-27', '9876500100', 'Nirma University', 'Player'),
('P101', 'Aarav Mehta', 'Male', '2002-05-14', '9876500101', 'DA-IICT', 'Player'),
('P102', 'Isha Patel', 'Female', '2003-07-21', '9876500102', 'Nirma University', 'Player'),
('P103', 'Rohan Sharma', 'Male', '2001-09-11', '9876500103', 'PDPU', 'Player'),
('P104', 'Diya Desai', 'Female', '2002-03-05', '9876500104', 'LDCE', 'Player'),
('P105', 'Krish Shah', 'Male', '2000-10-09', '9876500105', 'MSU Baroda', 'Player'),
('P106', 'Aanya Iyer', 'Female', '2001-01-25', '9876500106', 'DA-IICT', 'Player'),
('P107', 'Vihaan Trivedi', 'Male', '2004-12-12', '9876500107', 'Nirma University', 'Player'),
('P108', 'Mahi Joshi', 'Female', '2003-02-10', '9876500108', 'PDPU', 'Player'),
('P109', 'Dev Parmar', 'Male', '2001-06-15', '9876500109', 'LDCE', 'Player'),
('P110', 'Kavya Bhatt', 'Female', '2000-09-09', '9876500110', 'IIT Gandhinagar', 'Player'),
('P111', 'Harsh Rana', 'Male', '2002-07-13', '9876500111', 'DA-IICT', 'Player'),
('P112', 'Tanya Gohil', 'Female', '2001-11-02', '9876500112', 'Nirma University', 'Player'),
('P113', 'Yash Vora', 'Male', '2003-08-18', '9876500113', 'PDPU', 'Player'),
('P114', 'Niyati Choksi', 'Female', '2005-04-14', '9876500114', 'LDCE', 'Player'),
('P115', 'Aarush Dave', 'Male', '2004-06-21', '9876500115', 'MSU Baroda', 'Player'),
('P116', 'Meera Soni', 'Female', '2002-12-19', '9876500116', 'DA-IICT', 'Player'),
('P117', 'Laksh Patel', 'Male', '2001-02-15', '9876500117', 'Nirma University', 'Player'),
('P118', 'Sara Bhimani', 'Female', '2000-05-28', '9876500118', 'PDPU', 'Player'),
('P119', 'Aditya Solanki', 'Male', '2003-01-22', '9876500119', 'LDCE', 'Player'),
('P120', 'Jiya Thakkar', 'Female', '2004-08-03', '9876500120', 'IIT Gandhinagar', 'Player'),
('P121', 'Arjun Deshmukh', 'Male', '2002-09-17', '9876500121', 'DA-IICT', 'Player'),
('P122', 'Riya Pandya', 'Female', '2001-07-12', '9876500122', 'Nirma University', 'Player'),
('P123', 'Dhruv Gajjar', 'Male', '2000-03-06', '9876500123', 'PDPU', 'Player'),
('P124', 'Anaya Vyas', 'Female', '2002-11-29', '9876500124', 'LDCE', 'Player'),
('P125', 'Aryan Bhagat', 'Male', '2001-08-10', '9876500125', 'MSU Baroda', 'Player'),
('P126', 'Kritika Shukla', 'Female', '2000-10-19', '9876500126', 'DA-IICT', 'Player'),
('P127', 'Parth Panchal', 'Male', '2004-03-08', '9876500127', 'Nirma University', 'Player'),
('P128', 'Shruti Zaveri', 'Female', '2003-05-01', '9876500128', 'PDPU', 'Player'),
('P129', 'Karan Chauhan', 'Male', '2002-01-14', '9876500129', 'LDCE', 'Player'),
('P130', 'Riddhi Joshi', 'Female', '2003-07-27', '9876500130', 'IIT Gandhinagar', 'Player'),
('P131', 'Manan Rawal', 'Male', '2001-06-04', '9876500131', 'DA-IICT', 'Player'),
('P132', 'Avni Shah', 'Female', '2005-02-09', '9876500132', 'Nirma University', 'Player'),
('P133', 'Tirth Dholakia', 'Male', '2002-12-11', '9876500133', 'PDPU', 'Player'),
('P134', 'Charmi Patel', 'Female', '2004-09-13', '9876500134', 'LDCE', 'Player'),
('P135', 'Neel Bhavsar', 'Male', '2003-04-16', '9876500135', 'MSU Baroda', 'Player'),
('P136', 'Roshni Vora', 'Female', '2001-10-01', '9876500136', 'DA-IICT', 'Player'),
('P137', 'Harit Mehta', 'Male', '2000-08-22', '9876500137', 'Nirma University', 'Player'),
('P138', 'Sneha Shah', 'Female', '2002-07-19', '9876500138', 'PDPU', 'Player'),
('P139', 'Rudra Joshi', 'Male', '2001-05-09', '9876500139', 'LDCE', 'Player'),
('P140', 'Mitali Rana', 'Female', '2004-03-20', '9876500140', 'IIT Gandhinagar', 'Player'),
('P141', 'Devang Thakar', 'Male', '2005-04-18', '9876500141', 'DA-IICT', 'Player'),
('P142', 'Anjali Gohil', 'Female', '2002-06-22', '9876500142', 'Nirma University', 'Player'),
('P143', 'Jay Solanki', 'Male', '2001-09-30', '9876500143', 'PDPU', 'Player'),
('P144', 'Prisha Mehta', 'Female', '2000-11-05', '9876500144', 'LDCE', 'Player'),
('P145', 'Kunal Trivedi', 'Male', '2002-12-28', '9876500145', 'MSU Baroda', 'Player'),
('P146', 'Rhea Shah', 'Female', '2003-10-24', '9876500146', 'DA-IICT', 'Player'),
('P147', 'Yuvraj Patel', 'Male', '2000-02-08', '9876500147', 'Nirma University', 'Player'),
('P148', 'Ishita Bhatt', 'Female', '2001-12-13', '9876500148', 'PDPU', 'Player'),
('P149', 'Raj Sheth', 'Male', '2004-05-27', '9876500149', 'LDCE', 'Player'),
('P150', 'Tanya Desai', 'Female', '2002-01-31', '9876500150', 'IIT Gandhinagar', 'Player'),
('P151', 'Aarav Shah', 'Male', '2002-04-15', '9876500201', 'DA-IICT', 'Player'),
('P152', 'Kiara Mehta', 'Female', '2003-09-24', '9876500202', 'Nirma University', 'Player'),
('P153', 'Rudra Patel', 'Male', '2001-10-11', '9876500203', 'PDPU', 'Player'),
('P154', 'Ira Joshi', 'Female', '2002-07-09', '9876500204', 'LDCE', 'Player'),
('P155', 'Dev Bhavsar', 'Male', '2000-05-28', '9876500205', 'MSU Baroda', 'Player'),
('P156', 'Manya Choksi', 'Female', '2001-02-12', '9876500206', 'DA-IICT', 'Player'),
('P157', 'Karan Vora', 'Male', '2003-12-23', '9876500207', 'Nirma University', 'Player'),
('P158', 'Risha Desai', 'Female', '2000-11-08', '9876500208', 'PDPU', 'Player'),
('P159', 'Dhruv Panchal', 'Male', '2002-09-20', '9876500209', 'LDCE', 'Player'),
('P160', 'Tanya Gohil', 'Female', '2004-06-03', '9876500210', 'IIT Gandhinagar', 'Player'),
('P161', 'Jay Mehta', 'Male', '2001-04-29', '9876500211', 'DA-IICT', 'Player'),
('P162', 'Riya Trivedi', 'Female', '2000-08-21', '9876500212', 'Nirma University', 'Player'),
('P163', 'Parth Patel', 'Male', '2003-07-19', '9876500213', 'PDPU', 'Player'),
('P164', 'Diya Shah', 'Female', '2005-03-04', '9876500214', 'LDCE', 'Player'),
('P165', 'Arjun Desai', 'Male', '2004-05-17', '9876500215', 'MSU Baroda', 'Player'),
('P166', 'Sneha Iyer', 'Female', '2001-01-11', '9876500216', 'DA-IICT', 'Player'),
('P167', 'Nirav Bhatt', 'Male', '2002-06-09', '9876500217', 'Nirma University', 'Player'),
('P168', 'Kaira Shah', 'Female', '2000-10-14', '9876500218', 'PDPU', 'Player'),
('P169', 'Manan Joshi', 'Male', '2001-12-20', '9876500219', 'LDCE', 'Player'),
('P170', 'Aanya Mehta', 'Female', '2003-02-07', '9876500220', 'IIT Gandhinagar', 'Player'),
('P171', 'Aditya Rana', 'Male', '2000-03-16', '9876500221', 'DA-IICT', 'Player'),
('P172', 'Charmi Patel', 'Female', '2001-11-24', '9876500222', 'Nirma University', 'Player'),
('P173', 'Rohit Shah', 'Male', '2002-08-29', '9876500223', 'PDPU', 'Player'),
('P174', 'Niyati Vora', 'Female', '2004-10-12', '9876500224', 'LDCE', 'Player'),
('P175', 'Yash Thakkar', 'Male', '2005-06-18', '9876500225', 'MSU Baroda', 'Player'),
('P176', 'Mitali Bhavsar', 'Female', '2000-05-07', '9876500226', 'DA-IICT', 'Player'),
('P177', 'Aayush Dave', 'Male', '2001-09-22', '9876500227', 'Nirma University', 'Player'),
('P178', 'Rupal Shah', 'Female', '2002-07-15', '9876500228', 'PDPU', 'Player'),
('P179', 'Dharmik Gohil', 'Male', '2003-01-04', '9876500229', 'LDCE', 'Player'),
('P180', 'Neha Solanki', 'Female', '2001-03-11', '9876500230', 'IIT Gandhinagar', 'Player'),
('P181', 'Harsh Shah', 'Male', '2002-04-30', '9876500231', 'DA-IICT', 'Player'),
('P182', 'Aarohi Bhatt', 'Female', '2003-10-22', '9876500232', 'Nirma University', 'Player'),
('P183', 'Ritesh Mehta', 'Male', '2004-09-09', '9876500233', 'PDPU', 'Player'),
('P184', 'Tisha Joshi', 'Female', '2001-07-02', '9876500234', 'LDCE', 'Player'),
('P185', 'Devansh Desai', 'Male', '2000-01-17', '9876500235', 'MSU Baroda', 'Player'),
('P186', 'Shruti Rana', 'Female', '2002-12-13', '9876500236', 'DA-IICT', 'Player'),
('P187', 'Rahil Patel', 'Male', '2003-03-28', '9876500237', 'Nirma University', 'Player'),
('P188', 'Avni Shah', 'Female', '2001-09-14', '9876500238', 'PDPU', 'Player'),
('P189', 'Vivek Bhavsar', 'Male', '2000-02-27', '9876500239', 'LDCE', 'Player'),
('P190', 'Meera Iyer', 'Female', '2005-01-10', '9876500240', 'IIT Gandhinagar', 'Player'),
('P191', 'Kush Trivedi', 'Male', '2001-06-08', '9876500241', 'DA-IICT', 'Player'),
('P192', 'Nisha Solanki', 'Female', '2003-08-05', '9876500242', 'Nirma University', 'Player'),
('P193', 'Pranav Joshi', 'Male', '2002-11-01', '9876500243', 'PDPU', 'Player'),
('P194', 'Riddhi Shah', 'Female', '2000-04-09', '9876500244', 'LDCE', 'Player'),
('P195', 'Aman Gajjar', 'Male', '2004-05-30', '9876500245', 'MSU Baroda', 'Player'),
('P196', 'Isha Patel', 'Female', '2002-03-18', '9876500246', 'DA-IICT', 'Player'),
('P197', 'Krish Solanki', 'Male', '2003-09-23', '9876500247', 'Nirma University', 'Player'),
('P198', 'Mahi Desai', 'Female', '2001-02-26', '9876500248', 'PDPU', 'Player'),
('P199', 'Tirth Mehta', 'Male', '2000-10-18', '9876500249', 'LDCE', 'Player'),
('P200', 'Kashvi Bhatt', 'Female', '2004-12-02', '9876500250', 'IIT Gandhinagar', 'Player'),
('P201', 'Aniket Shah', 'Male', '1995-03-12', '9876500251', 'DA-IICT', 'Spectator'),
('P202', 'Ritika Desai', 'Female', '1998-06-24', '9876500252', 'Nirma University', 'Spectator'),
('P203', 'Mihir Patel', 'Male', '1990-02-10', '9876500253', 'PDPU', 'Spectator'),
('P204', 'Naina Joshi', 'Female', '1997-11-30', '9876500254', 'LDCE', 'Spectator'),
('P205', 'Tushar Bhatt', 'Male', '1989-04-18', '9876500255', 'IIT Gandhinagar', 'Spectator'),
('P206', 'Kajal Mehta', 'Female', '1992-09-22', '9876500256', 'MSU Baroda', 'Spectator'),
('P207', 'Vivek Iyer', 'Male', '1994-05-08', '9876500257', 'SVNIT Surat', 'Spectator'),
('P208', 'Rupal Trivedi', 'Female', '1999-03-16', '9876500258', 'Parul University', 'Spectator'),
('P209', 'Harsh Gohil', 'Male', '1996-12-02', '9876500259', 'DA-IICT', 'Spectator'),
('P210', 'Avni Solanki', 'Female', '2000-10-09', '9876500260', 'Nirma University', 'Spectator'),
('P211', 'Raj Mehta', 'Male', '1988-08-04', '9876500261', 'PDPU', 'Spectator'),
('P212', 'Diya Patel', 'Female', '1997-07-27', '9876500262', 'LDCE', 'Spectator'),
('P213', 'Soham Bhavsar', 'Male', '1993-02-19', '9876500263', 'MSU Baroda', 'Spectator'),
('P214', 'Kavya Shah', 'Female', '1996-06-10', '9876500264', 'IIT Gandhinagar', 'Spectator'),
('P215', 'Raghav Vora', 'Male', '1995-11-01', '9876500265', 'DA-IICT', 'Spectator'),
('P216', 'Tanya Choksi', 'Female', '1998-01-15', '9876500266', 'Nirma University', 'Spectator'),
('P217', 'Yash Rana', 'Male', '1992-04-09', '9876500267', 'PDPU', 'Spectator'),
('P218', 'Megha Desai', 'Female', '1989-09-21', '9876500268', 'LDCE', 'Spectator'),
('P219', 'Neel Panchal', 'Male', '1990-12-14', '9876500269', 'MSU Baroda', 'Spectator'),
('P220', 'Riya Gohil', 'Female', '1994-05-26', '9876500270', 'Parul University', 'Spectator'),
('P221', 'Amit Patel', 'Male', '1997-03-04', '9876500271', 'DA-IICT', 'Spectator'),
('P222', 'Pooja Mehta', 'Female', '1991-08-16', '9876500272', 'Nirma University', 'Spectator'),
('P223', 'Jay Bhatt', 'Male', '1987-07-03', '9876500273', 'PDPU', 'Spectator'),
('P224', 'Shruti Shah', 'Female', '1998-10-18', '9876500274', 'LDCE', 'Spectator'),
('P225', 'Krunal Iyer', 'Male', '1993-01-27', '9876500275', 'MSU Baroda', 'Spectator'),
('P226', 'Charmi Joshi', 'Female', '1999-06-29', '9876500276', 'IIT Gandhinagar', 'Spectator'),
('P227', 'Pranav Desai', 'Male', '1992-02-14', '9876500277', 'DA-IICT', 'Spectator'),
('P228', 'Sneha Trivedi', 'Female', '1995-05-11', '9876500278', 'Nirma University', 'Spectator'),
('P229', 'Kush Shah', 'Male', '1988-09-09', '9876500279', 'PDPU', 'Spectator'),
('P230', 'Riddhi Mehta', 'Female', '1993-12-25', '9876500280', 'LDCE', 'Spectator'),
('P231', 'Aditya Gohil', 'Male', '1991-04-03', '9876500281', 'MSU Baroda', 'Spectator'),
('P232', 'Isha Bhatt', 'Female', '1999-02-08', '9876500282', 'Parul University', 'Spectator'),
('P233', 'Dhruv Patel', 'Male', '1996-08-22', '9876500283', 'DA-IICT', 'Spectator'),
('P234', 'Niyati Solanki', 'Female', '1994-06-06', '9876500284', 'Nirma University', 'Spectator'),
('P235', 'Arnav Vora', 'Male', '1990-03-19', '9876500285', 'PDPU', 'Spectator'),
('P236', 'Mitali Shah', 'Female', '1998-07-30', '9876500286', 'LDCE', 'Spectator'),
('P237', 'Harshit Rana', 'Male', '1993-10-17', '9876500287', 'MSU Baroda', 'Spectator'),
('P238', 'Kiara Desai', 'Female', '1989-01-05', '9876500288', 'IIT Gandhinagar', 'Spectator'),
('P239', 'Rajesh Bhavsar', 'Male', '1992-11-12', '9876500289', 'DA-IICT', 'Spectator'),
('P240', 'Tanvi Mehta', 'Female', '1995-09-02', '9876500290', 'Nirma University', 'Spectator'),
('P241', 'Nirav Shah', 'Male', '1994-12-29', '9876500291', 'PDPU', 'Spectator'),
('P242', 'Mahi Patel', 'Female', '1997-06-19', '9876500292', 'LDCE', 'Spectator'),
('P243', 'Dharmik Vora', 'Male', '1990-02-24', '9876500293', 'MSU Baroda', 'Spectator'),
('P244', 'Rupal Trivedi', 'Female', '1993-05-14', '9876500294', 'Parul University', 'Spectator'),
('P245', 'Aayush Gohil', 'Male', '1996-08-01', '9876500295', 'DA-IICT', 'Spectator'),
('P246', 'Mitali Bhatt', 'Female', '1998-12-23', '9876500296', 'Nirma University', 'Spectator'),
('P247', 'Ritesh Desai', 'Male', '1987-04-27', '9876500297', 'PDPU', 'Spectator'),
('P248', 'Kashvi Shah', 'Female', '1999-09-07', '9876500298', 'LDCE', 'Spectator'),
('P249', 'Aman Mehta', 'Male', '1992-03-15', '9876500299', 'MSU Baroda', 'Spectator'),
('P250', 'Neha Solanki', 'Female', '1994-07-25', '9876500300', 'IIT Gandhinagar', 'Spectator'),
('P251', 'Rahil Patel', 'Male', '1995-11-05', '9876500301', 'DA-IICT', 'Spectator'),
('P252', 'Aarohi Shah', 'Female', '1998-05-30', '9876500302', 'Nirma University', 'Spectator'),
('P253', 'Devansh Bhatt', 'Male', '1989-08-14', '9876500303', 'PDPU', 'Spectator'),
('P254', 'Charmi Mehta', 'Female', '1997-12-03', '9876500304', 'LDCE', 'Spectator'),
('P255', 'Rohit Trivedi', 'Male', '1992-09-29', '9876500305', 'MSU Baroda', 'Spectator'),
('P256', 'Shruti Desai', 'Female', '1999-10-11', '9876500306', 'Parul University', 'Spectator'),
('P257', 'Parth Shah', 'Male', '1993-04-01', '9876500307', 'DA-IICT', 'Spectator'),
('P258', 'Nisha Joshi', 'Female', '1996-06-28', '9876500308', 'Nirma University', 'Spectator'),
('P259', 'Manan Patel', 'Male', '1988-07-22', '9876500309', 'PDPU', 'Spectator'),
('P260', 'Ira Gohil', 'Female', '1994-09-05', '9876500310', 'LDCE', 'Spectator'),
('P261', 'Aarav Mehta', 'Male', '1997-05-21', '9876500311', 'MSU Baroda', 'Spectator'),
('P262', 'Kiara Vora', 'Female', '1995-02-13', '9876500312', 'IIT Gandhinagar', 'Spectator'),
('P263', 'Harshil Bhatt', 'Male', '1990-11-19', '9876500313', 'DA-IICT', 'Spectator'),
('P264', 'Mahi Trivedi', 'Female', '1998-01-04', '9876500314', 'Nirma University', 'Spectator'),
('P265', 'Karan Shah', 'Male', '1991-08-10', '9876500315', 'PDPU', 'Spectator'),
('P266', 'Avni Patel', 'Female', '1999-12-29', '9876500316', 'LDCE', 'Spectator'),
('P267', 'Nirav Gohil', 'Male', '1989-10-23', '9876500317', 'MSU Baroda', 'Spectator'),
('P268', 'Riya Desai', 'Female', '1996-09-18', '9876500318', 'Parul University', 'Spectator'),
('P269', 'Dhruv Mehta', 'Male', '1995-03-16', '9876500319', 'DA-IICT', 'Spectator'),
('P270', 'Kavya Shah', 'Female', '1992-07-09', '9876500320', 'Nirma University', 'Spectator'),
('P271', 'Ritesh Patel', 'Male', '1990-05-02', '9876500321', 'PDPU', 'Spectator'),
('P272', 'Mitali Vora', 'Female', '1994-12-22', '9876500322', 'LDCE', 'Spectator'),
('P273', 'Yash Bhatt', 'Male', '1993-01-25', '9876500323', 'MSU Baroda', 'Spectator'),
('P274', 'Sneha Solanki', 'Female', '1999-11-14', '9876500324', 'IIT Gandhinagar', 'Spectator'),
('P275', 'Aayush Mehta', 'Male', '1988-09-27', '9876500325', 'DA-IICT', 'Spectator'),
('P276', 'Tanya Desai', 'Female', '1996-06-05', '9876500326', 'Nirma University', 'Spectator'),
('P277', 'Raj Patel', 'Male', '1992-10-03', '9876500327', 'PDPU', 'Spectator'),
('P278', 'Charmi Shah', 'Female', '1998-08-20', '9876500328', 'LDCE', 'Spectator'),
('P279', 'Vivek Gohil', 'Male', '1995-02-28', '9876500329', 'MSU Baroda', 'Spectator'),
('P280', 'Nisha Bhatt', 'Female', '1993-03-17', '9876500330', 'Parul University', 'Spectator'),
('P281', 'Aditya Desai', 'Male', '1997-09-07', '9876500331', 'DA-IICT', 'Spectator'),
('P282', 'Rupal Mehta', 'Female', '1999-04-26', '9876500332', 'Nirma University', 'Spectator'),
('P283', 'Rohit Shah', 'Male', '1990-01-10', '9876500333', 'PDPU', 'Spectator'),
('P284', 'Mahi Patel', 'Female', '1995-10-01', '9876500334', 'LDCE', 'Spectator'),
('P285', 'Dev Bhavsar', 'Male', '1992-05-16', '9876500335', 'MSU Baroda', 'Spectator'),
('P286', 'Neha Gohil', 'Female', '1998-02-05', '9876500336', 'IIT Gandhinagar', 'Spectator'),
('P287', 'Aarav Vora', 'Male', '1993-11-08', '9876500337', 'DA-IICT', 'Spectator'),
('P288', 'Kiara Desai', 'Female', '1997-06-02', '9876500338', 'Nirma University', 'Spectator'),
('P289', 'Parth Patel', 'Male', '1989-07-24', '9876500339', 'PDPU', 'Spectator'),
('P290', 'Tisha Shah', 'Female', '1994-03-11', '9876500340', 'LDCE', 'Spectator'),
('P291', 'Raghav Mehta', 'Male', '1990-09-25', '9876500341', 'MSU Baroda', 'Spectator'),
('P292', 'Isha Solanki', 'Female', '1998-01-18', '9876500342', 'Parul University', 'Spectator'),
('P293', 'Manav Desai', 'Male', '1992-08-07', '9876500343', 'DA-IICT', 'Spectator'),
('P294', 'Shruti Bhatt', 'Female', '1996-04-22', '9876500344', 'Nirma University', 'Spectator'),
('P295', 'Krunal Gohil', 'Male', '1995-02-02', '9876500345', 'PDPU', 'Spectator'),
('P296', 'Aanya Shah', 'Female', '1997-07-28', '9876500346', 'LDCE', 'Spectator'),
('P297', 'Ritesh Patel', 'Male', '1988-10-17', '9876500347', 'MSU Baroda', 'Spectator'),
('P298', 'Mitali Mehta', 'Female', '1999-09-03', '9876500348', 'IIT Gandhinagar', 'Spectator'),
('P299', 'Jay Trivedi', 'Male', '1994-05-14', '9876500349', 'DA-IICT', 'Spectator'),
('P300', 'Niyati Solanki', 'Female', '1993-12-27', '9876500350', 'Nirma University', 'Spectator');

INSERT INTO Tournament (tournament_id, tournament_year, season, start_date, end_date) VALUES
('T001', 2019, 'spring', '2019-03-10', '2019-03-20'),
('T002', 2019, 'fall',   '2019-09-15', '2019-09-25'),

('T003', 2020, 'spring', '2020-03-12', '2020-03-22'),
('T004', 2020, 'fall',   '2020-09-18', '2020-09-28'),

('T005', 2021, 'spring', '2021-03-08', '2021-03-18'),
('T006', 2021, 'fall',   '2021-09-10', '2021-09-20'),

('T007', 2022, 'spring', '2022-03-05', '2022-03-15'),
('T008', 2022, 'fall',   '2022-09-12', '2022-09-22'),

('T009', 2023, 'spring', '2023-03-07', '2023-03-17'),
('T010', 2023, 'fall',   '2023-09-09', '2023-09-19'),

('T011', 2024, 'spring', '2024-03-11', '2024-03-21'),
('T012', 2024, 'fall',   '2024-09-14', '2024-09-24'),

('T013', 2025, 'spring', '2025-03-09', '2025-03-19'),
('T014', 2025, 'fall',   '2025-09-16', '2025-09-26');


INSERT INTO Company (company, address) VALUES
('Amul India', 'Amul Dairy Road, Anand, Gujarat'),
('Zydus Wellness', 'Zydus Tower, Satellite, Ahmedabad, Gujarat'),
('Adani Sports Foundation', 'Adani Shantigram, SG Highway, Ahmedabad, Gujarat'),
('Reliance Foundation', 'Maker Chambers IV, Nariman Point, Mumbai, Maharashtra'),
('Torrent Power', 'Torrent House, Ashram Road, Ahmedabad, Gujarat'),
('Nirma Ltd', 'Nirma University Campus, Sarkhej-Gandhinagar Highway, Ahmedabad, Gujarat'),
('TCS Gandhinagar', 'Infocity Campus, Gandhinagar, Gujarat'),
('ICICI Foundation', 'ICICI Tower, Bandra Kurla Complex, Mumbai, Maharashtra'),
('Axis Bank CSR', 'Axis House, Worli, Mumbai, Maharashtra'),
('Wagh Bakri Tea Group', 'Wagh Bakri House, Ambawadi, Ahmedabad, Gujarat'),
('Infosys Foundation', 'Electronics City Campus, Bangalore, Karnataka'),
('HDFC CSR', 'HDFC House, Nariman Point, Mumbai, Maharashtra'),
('Cadila Pharmaceuticals', 'Dholka Road, Bhat, Ahmedabad, Gujarat'),
('Gujarat Gas Ltd', 'GGL House, Ahmedabad, Gujarat'),
('Larsen & Toubro', 'L&T Knowledge City, Vadodara, Gujarat'),
('ONGC', 'ONGC Nagar, Mehsana, Gujarat'),
('Parle Agro', 'Western Express Highway, Andheri East, Mumbai, Maharashtra'),
('Tata Motors', 'Sanand Plant, Ahmedabad, Gujarat'),
('Einfochips', 'Satellite, Ahmedabad, Gujarat'),
('Suzlon Energy', 'Suzlon One Earth, Pune, Maharashtra');



INSERT INTO Sponsors (sponsor_id, name, contact_no, company) VALUES
('S001', 'Amit Patel', '9824000001', 'Amul India'),
('S002', 'Nidhi Shah', '9824000002', 'Zydus Wellness'),
('S003', 'Rohan Mehta', '9824000003', 'Adani Sports Foundation'),
('S004', 'Sneha Joshi', '9824000004', 'Reliance Foundation'),
('S005', 'Vivek Desai', '9824000005', 'Torrent Power'),
('S006', 'Jay Thakkar', '9824000006', 'Nirma Ltd'),
('S007', 'Siddharth Rana', '9824000007', 'TCS Gandhinagar'),
('S008', 'Kavya Trivedi', '9824000008', 'ICICI Foundation'),
('S009', 'Dhruv Patel', '9824000009', 'Axis Bank CSR'),
('S010', 'Manav Shah', '9824000010', 'Wagh Bakri Tea Group'),
('S011', 'Riya Deshmukh', '9824000011', 'Infosys Foundation'),
('S012', 'Krish Solanki', '9824000012', 'HDFC CSR'),
('S013', 'Mitali Joshi', '9824000013', 'Cadila Pharmaceuticals'),
('S014', 'Harsh Vora', '9824000014', 'Gujarat Gas Ltd'),
('S015', 'Disha Patel', '9824000015', 'Larsen & Toubro'),
('S016', 'Yash Soni', '9824000016', 'ONGC'),
('S017', 'Tanya Bansal', '9824000017', 'Parle Agro'),
('S018', 'Arjun Kapoor', '9824000018', 'Tata Motors'),
('S019', 'Neel Mehta', '9824000019', 'Einfochips'),
('S020', 'Pooja Iyer', '9824000020', 'Suzlon Energy'),
('S021', 'Priyansh Joshi', '9824000021', 'Amul India'),
('S022', 'Rachit Shah', '9824000022', 'Zydus Wellness'),
('S023', 'Megha Patel', '9824000023', 'Reliance Foundation'),
('S024', 'Sahil Trivedi', '9824000024', 'ICICI Foundation'),
('S025', 'Jinal Desai', '9824000025', 'Axis Bank CSR'),
('S026', 'Devendra Chauhan', '9824000026', 'HDFC CSR'),
('S027', 'Ritika Nair', '9824000027', 'Infosys Foundation'),
('S028', 'Aniket Rawal', '9824000028', 'Torrent Power'),
('S029', 'Khushi Shah', '9824000029', 'Adani Sports Foundation'),
('S030', 'Parth Vyas', '9824000030', 'Wagh Bakri Tea Group');



INSERT INTO SponsorsTournament (tournament_id, sponsor_id, budget) VALUES
('T002', 'S001', 750000.00),
('T002', 'S005', 450000.00),
('T001', 'S002', 300000.00),
('T001', 'S008', 550000.00),

('T004', 'S003', 800000.00),
('T004', 'S009', 400000.00),
('T003', 'S004', 900000.00),
('T003', 'S010', 650000.00),

('T006', 'S006', 500000.00),
('T006', 'S011', 250000.00),
('T005', 'S012', 700000.00),
('T005', 'S013', 450000.00),

('T008', 'S014', 800000.00),
('T008', 'S007', 500000.00),
('T007', 'S015', 600000.00),
('T007', 'S016', 300000.00),

('T010', 'S017', 950000.00),
('T010', 'S018', 400000.00),
('T009', 'S019', 350000.00),
('T009', 'S020', 700000.00),

('T012', 'S021', 850000.00),
('T012', 'S022', 600000.00),
('T011', 'S023', 550000.00),
('T011', 'S024', 300000.00),

('T014', 'S025', 650000.00),
('T014', 'S026', 500000.00),
('T013', 'S027', 700000.00),
('T013', 'S028', 850000.00),

('T010', 'S001', 500000.00),
('T012', 'S001', 520000.00),
('T013', 'S002', 600000.00),
('T008', 'S003', 400000.00),
('T005', 'S009', 350000.00),
('T014', 'S010', 900000.00);


INSERT INTO Sports (sport_id, sport_name) VALUES
('SP001', 'Football'),
('SP002', 'Basketball'),
('SP003', 'Tennis'),
('SP004', 'Chess'),
('SP005', 'Cricket'),
('SP006', 'Badminton'),
('SP007', 'Carrom'),
('SP008', 'Table Tennis'),
('SP009', 'Volleyball'),
('SP010', 'Powerlifting');

INSERT INTO SportType (sport_name, type) VALUES
('Football', 'Team'),
('Basketball', 'Team'),
('Tennis', 'Individual'),
('Chess', 'Individual'),
('Cricket', 'Team'),
('Badminton', 'Individual'),
('Carrom', 'Individual'),
('Table Tennis', 'Individual'),
('Volleyball', 'Team'),
('Powerlifting', 'Individual');



INSERT INTO Equipments (equipment_id, equipment_name, number) VALUES
-- Football
('E001', 'Football', 15),
('E002', 'Goal Nets', 4),
('E003', 'Corner Flags', 8),

-- Basketball
('E004', 'Basketballs', 20),
('E005', 'Hoops and Backboards', 2),
('E006', 'Scoreboard', 1),

-- Tennis
('E007', 'Tennis Rackets', 12),
('E008', 'Tennis Balls', 60),
('E009', 'Nets', 2),

-- Chess
('E010', 'Chess Boards', 20),
('E011', 'Chess Clocks', 10),

-- Cricket
('E012', 'Cricket Bats', 12),
('E013', 'Cricket Balls', 24),
('E014', 'Wickets Sets', 6),
('E015', 'Pads and Gloves Sets', 10),

-- Badminton
('E016', 'Badminton Rackets', 16),
('E017', 'Shuttlecocks', 100),
('E018', 'Badminton Nets', 4),

-- Carrom
('E019', 'Carrom Boards', 10),
('E020', 'Strikers', 20),
('E021', 'Carrom Coins Sets', 30),

-- Table Tennis
('E022', 'TT Tables', 6),
('E023', 'TT Bats', 20),
('E024', 'TT Balls', 100),

-- Volleyball
('E025', 'Volleyballs', 15),
('E026', 'Nets', 3),
('E027', 'Boundary Markers', 6),

-- Powerlifting
('E028', 'Weight Plates', 50),
('E029', 'Barbells', 10),
('E030', 'Benches', 5);

INSERT INTO Coach (coach_id, coach_name, contact_no) VALUES
('C001', 'Rajesh Patel', '9876500001'),
('C002', 'Sonal Desai', '9876500002'),
('C003', 'Vikas Sharma', '9876500003'),
('C004', 'Priya Menon', '9876500004'),
('C005', 'Manish Trivedi', '9876500005'),
('C006', 'Rita Joshi', '9876500006'),
('C007', 'Ajay Bhatia', '9876500007'),
('C008', 'Neha Kapoor', '9876500008'),
('C009', 'Kiran Chauhan', '9876500009'),
('C010', 'Deepak Verma', '9876500010'),
('C011', 'Nidhi Iyer', '9876500011'),
('C012', 'Amit Gaur', '9876500012'),
('C013', 'Sanjay Rao', '9876500013'),
('C014', 'Sneha Tiwari', '9876500014'),
('C015', 'Kunal Mehta', '9876500015');


INSERT INTO Venue (venue_id, name, location) VALUES
('V001', 'DA-IICT Main Ground', 'DA-IICT Campus, Gandhinagar'),
('V002', 'Indoor Sports Complex', 'DA-IICT Campus, Gandhinagar'),
('V003', 'Tennis Court', 'Near Hostel Block, DA-IICT'),
('V004', 'Table Tennis Hall', 'Recreation Center, DA-IICT'),
('V005', 'Cricket Ground', 'Sports Complex, DA-IICT'),
('V006', 'Football Ground', 'Main Field, DA-IICT'),
('V007', 'Basketball Court', 'Sports Complex, DA-IICT'),
('V008', 'Volleyball Court', 'Hostel Area, DA-IICT'),
('V009', 'Carrom Room', 'Recreation Center, DA-IICT'),
('V010', 'Chess Room', 'Library Block, DA-IICT'),
('V011', 'Badminton Hall', 'Indoor Sports Complex, DA-IICT'),
('V012', 'Gym Area', 'Fitness Center, DA-IICT'),
('V013', 'Powerlifting Arena', 'Gym Building, DA-IICT'),
('V014', 'Open Lawn', 'Near Canteen Area, DA-IICT'),
('V015', 'Central Auditorium', 'DA-IICT Main Building');


INSERT INTO Referee (referee_id, referee_name, contact_no) VALUES
('R001', 'Ramesh Solanki', '9876500101'),
('R002', 'Vivek Chatterjee', '9876500102'),
('R003', 'Mahesh Patel', '9876500103'),
('R004', 'Snehal Shukla', '9876500104'),
('R005', 'Aarti Deshmukh', '9876500105'),
('R006', 'Viral Shah', '9876500106'),
('R007', 'Dinesh Kumar', '9876500107'),
('R008', 'Pooja Reddy', '9876500108'),
('R009', 'Ankit Sharma', '9876500109'),
('R010', 'Meena Ghosh', '9876500110');

INSERT INTO Organizer (member_id, member_name, contact_no) VALUES
('O001', 'Reemi Patel', '9876500201'),
('O002', 'Pransi Patel', '9876500202'),
('O003', 'Rohan Shah', '9876500203'),
('O004', 'Neel Trivedi', '9876500204'),
('O005', 'Khushi Mehta', '9876500205'),
('O006', 'Jay Soni', '9876500206'),
('O007', 'Isha Bhatt', '9876500207'),
('O008', 'Harsh Desai', '9876500208'),
('O009', 'Sanya Shah', '9876500209'),
('O010', 'Aaryan Joshi', '9876500210'),
('O011', 'Tanishka Dave', '9876500211'),
('O012', 'Pratham Patel', '9876500212'),
('O013', 'Shruti Vora', '9876500213'),
('O014', 'Dhruv Parmar', '9876500214'),
('O015', 'Kavya Bhimani', '9876500215');


INSERT INTO Player (player_id, height, weight, bloodgroup, joining_year) VALUES
('P001', 175.50, 70.20, 'O+', 2021),
('P002', 178.00, 75.80, 'A-', 2020),
('P003', 162.50, 58.00, 'B+', 2022),
('P004', 181.20, 79.50, 'AB-', 2021),
('P005', 170.10, 68.90, 'O-', 2019),
('P006', 168.00, 61.50, 'A+', 2022),
('P007', 179.50, 77.00, 'B-', 2020),
('P008', 165.50, 60.50, 'O+', 2021),
('P009', 183.00, 81.30, 'A+', 2022),
('P010', 160.00, 57.00, 'AB+', 2022),
('P011', 176.80, 73.50, 'B+', 2019),
('P012', 158.50, 55.20, 'O-', 2023),
('P013', 174.00, 71.10, 'A-', 2021),
('P014', 166.50, 62.80, 'B-', 2020),
('P015', 180.50, 78.20, 'AB+', 2019),
('P016', 163.80, 59.50, 'O+', 2022),
('P017', 172.90, 69.80, 'A+', 2020),
('P018', 161.50, 58.80, 'B+', 2021),
('P019', 177.50, 74.00, 'B-', 2022),
('P020', 167.00, 63.10, 'O-', 2019),
('P021', 182.00, 80.50, 'A-', 2021),
('P022', 164.50, 60.00, 'AB-', 2022),
('P023', 173.30, 70.50, 'O+', 2020),
('P024', 160.80, 57.70, 'A+', 2021),
('P025', 184.50, 82.00, 'B+', 2022),
('P026', 169.20, 64.00, 'O-', 2021),
('P027', 171.00, 68.00, 'A-', 2020),
('P028', 162.00, 59.10, 'AB+', 2019),
('P029', 178.90, 76.50, 'B-', 2022),
('P030', 166.00, 61.00, 'O+', 2020),
('P031', 175.00, 72.30, 'A+', 2019),
('P032', 161.00, 58.50, 'B+', 2021),
('P033', 176.50, 73.00, 'O-', 2022),
('P034', 165.00, 60.20, 'A-', 2020),
('P035', 180.00, 78.00, 'AB-', 2021),
('P036', 163.00, 59.00, 'O+', 2022),
('P037', 179.00, 77.80, 'B+', 2019),
('P038', 167.50, 62.50, 'A+', 2022),
('P039', 174.50, 71.90, 'O-', 2020),
('P040', 168.50, 63.50, 'A-', 2021),
('P041', 181.00, 79.00, 'AB+', 2022),
('P042', 164.00, 59.90, 'B-', 2019),
('P043', 170.50, 67.50, 'O+', 2022),
('P044', 169.00, 64.50, 'A+', 2020),
('P045', 177.00, 74.80, 'B+', 2021),
('P046', 161.80, 58.20, 'O-', 2022),
('P047', 172.00, 69.00, 'A-', 2020),
('P048', 165.80, 61.80, 'AB-', 2021),
('P049', 183.50, 81.00, 'O+', 2022),
('P050', 160.50, 57.50, 'B+', 2019),
('P051', 178.50, 76.00, 'A+', 2020),
('P052', 162.80, 59.70, 'O-', 2022),
('P053', 173.00, 70.80, 'A-', 2019),
('P054', 167.80, 63.00, 'AB+', 2021),
('P055', 180.20, 78.50, 'B-', 2022),
('P056', 166.20, 61.20, 'O+', 2020),
('P057', 175.80, 72.80, 'A+', 2021),
('P058', 163.50, 59.30, 'B+', 2022),
('P059', 179.20, 77.20, 'O-', 2020),
('P060', 168.20, 63.30, 'A-', 2022),
('P061', 182.50, 80.00, 'AB-', 2019),
('P062', 164.80, 60.70, 'O+', 2022),
('P063', 171.50, 68.50, 'B+', 2021),
('P064', 160.20, 56.50, 'A+', 2022),
('P065', 176.00, 73.80, 'O-', 2020),
('P066', 169.50, 65.00, 'A-', 2021),
('P067', 181.50, 79.90, 'AB+', 2019),
('P068', 165.20, 60.90, 'B-', 2022),
('P069', 174.20, 71.50, 'O+', 2022),
('P070', 162.20, 58.70, 'A+', 2020),
('P071', 178.20, 75.50, 'B+', 2021),
('P072', 163.20, 59.20, 'O-', 2022),
('P073', 170.80, 67.80, 'A-', 2020),
('P074', 167.20, 62.10, 'AB-', 2021),
('P075', 183.20, 81.80, 'O+', 2019),
('P076', 161.20, 58.60, 'B+', 2021),
('P077', 177.20, 74.30, 'A+', 2022),
('P078', 168.80, 64.20, 'O-', 2020),
('P079', 172.50, 69.30, 'A-', 2021),
('P080', 164.20, 60.40, 'AB+', 2022),
('P081', 184.00, 82.50, 'B-', 2020),
('P082', 159.50, 56.80, 'O+', 2022),
('P083', 175.30, 72.00, 'A+', 2019),
('P084', 165.70, 61.70, 'B+', 2022),
('P085', 178.70, 76.70, 'O-', 2021),
('P086', 162.70, 59.60, 'A-', 2022),
('P087', 180.80, 78.80, 'AB-', 2019),
('P088', 167.70, 62.90, 'O+', 2021),
('P089', 173.80, 71.30, 'B+', 2020),
('P090', 163.70, 59.40, 'A+', 2022),
('P091', 179.70, 77.40, 'O-', 2021),
('P092', 168.70, 63.90, 'A-', 2020),
('P093', 182.70, 80.20, 'AB+', 2022),
('P094', 164.70, 60.60, 'B-', 2021),
('P095', 171.70, 68.70, 'O+', 2020),
('P096', 160.70, 57.30, 'A+', 2022),
('P097', 176.20, 73.20, 'B+', 2019),
('P098', 166.70, 61.40, 'O-', 2022),
('P099', 181.70, 79.20, 'A-', 2021),
('P100', 165.30, 61.10, 'AB-', 2020),
('P101', 175.70, 72.50, 'O+', 2020),
('P102', 162.40, 58.90, 'B+', 2021),
('P103', 178.40, 76.30, 'A+', 2019),
('P104', 166.40, 61.60, 'O-', 2020),
('P105', 180.40, 78.70, 'A-', 2018),
('P106', 163.40, 59.80, 'AB+', 2019),
('P107', 179.40, 77.60, 'B-', 2022),
('P108', 168.40, 63.70, 'O+', 2021),
('P109', 182.40, 80.80, 'A+', 2019),
('P110', 164.40, 60.10, 'B+', 2018),
('P111', 171.20, 68.30, 'O-', 2020),
('P112', 160.40, 57.20, 'A-', 2019),
('P113', 176.70, 73.60, 'AB-', 2021),
('P114', 165.40, 61.30, 'O+', 2023),
('P115', 181.40, 79.70, 'B+', 2022),
('P116', 162.90, 59.50, 'A+', 2020),
('P117', 177.70, 75.00, 'O-', 2019),
('P118', 167.90, 63.20, 'A-', 2018),
('P119', 172.70, 70.00, 'AB+', 2021),
('P120', 166.90, 62.30, 'B-', 2022),
('P121', 184.20, 82.20, 'O+', 2020),
('P122', 161.90, 58.40, 'A+', 2019),
('P123', 175.90, 72.60, 'B+', 2018),
('P124', 163.90, 60.30, 'O-', 2020),
('P125', 178.60, 76.90, 'A-', 2019),
('P126', 168.60, 63.80, 'AB-', 2018),
('P127', 180.60, 78.90, 'O+', 2022),
('P128', 164.60, 60.50, 'B+', 2021),
('P129', 179.60, 77.90, 'A+', 2020),
('P130', 169.60, 64.90, 'O-', 2021),
('P131', 182.60, 80.30, 'A-', 2019),
('P132', 165.60, 61.90, 'AB+', 2023),
('P133', 171.60, 68.80, 'B-', 2020),
('P134', 160.60, 57.80, 'O+', 2022),
('P135', 176.60, 73.40, 'A+', 2021),
('P136', 167.60, 62.70, 'B+', 2019),
('P137', 181.60, 79.40, 'O-', 2018),
('P138', 162.60, 59.40, 'A-', 2020),
('P139', 177.60, 74.70, 'AB-', 2019),
('P140', 163.60, 59.60, 'O+', 2022),
('P141', 183.60, 81.60, 'B+', 2023),
('P142', 168.90, 64.10, 'A+', 2020),
('P143', 174.90, 72.10, 'O-', 2019),
('P144', 164.90, 60.80, 'A-', 2018),
('P145', 179.90, 77.70, 'AB+', 2020),
('P146', 169.90, 65.20, 'B-', 2021),
('P147', 170.20, 67.90, 'O+', 2018),
('P148', 161.70, 58.10, 'A+', 2019),
('P149', 178.10, 75.90, 'B+', 2022),
('P150', 162.10, 58.30, 'O-', 2020),
('P151', 175.40, 71.80, 'A-', 2020),
('P152', 166.80, 62.60, 'AB-', 2021),
('P153', 181.80, 79.60, 'O+', 2019),
('P154', 163.30, 59.10, 'B+', 2020),
('P155', 184.80, 82.80, 'A+', 2018),
('P156', 160.30, 57.60, 'O-', 2019),
('P157', 177.30, 74.50, 'A-', 2021),
('P158', 167.30, 62.40, 'AB+', 2018),
('P159', 172.30, 69.40, 'B-', 2020),
('P160', 161.30, 57.90, 'O+', 2022),
('P161', 176.30, 73.10, 'A+', 2019),
('P162', 165.10, 60.40, 'B+', 2018),
('P163', 180.10, 78.40, 'O-', 2021),
('P164', 164.10, 60.00, 'A-', 2023),
('P165', 179.10, 77.10, 'AB-', 2022),
('P166', 162.00, 58.20, 'O+', 2019),
('P167', 174.10, 71.40, 'B+', 2020),
('P168', 166.10, 61.00, 'A+', 2018),
('P169', 183.10, 81.50, 'O-', 2019),
('P170', 167.10, 62.00, 'A-', 2021),
('P171', 170.10, 67.70, 'AB+', 2018),
('P172', 161.10, 57.70, 'B-', 2019),
('P173', 178.10, 75.30, 'O+', 2020),
('P174', 164.30, 60.00, 'A+', 2022),
('P175', 182.10, 79.80, 'B+', 2023),
('P176', 165.30, 61.10, 'O-', 2018),
('P177', 173.10, 70.40, 'A-', 2019),
('P178', 168.10, 63.60, 'AB-', 2020),
('P179', 177.10, 74.40, 'O+', 2021),
('P180', 162.10, 58.50, 'B+', 2019),
('P181', 180.10, 77.50, 'A+', 2020),
('P182', 160.10, 57.10, 'O-', 2021),
('P183', 176.10, 73.30, 'A-', 2022),
('P184', 169.10, 64.30, 'AB+', 2019),
('P185', 181.10, 78.60, 'B-', 2018),
('P186', 163.10, 59.30, 'O+', 2020),
('P187', 175.10, 72.70, 'A+', 2021),
('P188', 164.90, 60.50, 'B+', 2019),
('P189', 179.80, 77.30, 'O-', 2018),
('P190', 165.90, 61.50, 'A-', 2023),
('P191', 174.80, 71.60, 'AB-', 2019),
('P192', 168.80, 63.40, 'O+', 2021),
('P193', 182.80, 80.60, 'B+', 2020),
('P194', 166.80, 61.70, 'A+', 2018),
('P195', 171.80, 68.60, 'O-', 2022),
('P196', 161.80, 58.00, 'A-', 2020),
('P197', 178.80, 75.60, 'AB+', 2021),
('P198', 167.80, 62.80, 'B-', 2019),
('P199', 180.80, 77.80, 'O+', 2018),
('P200', 162.80, 58.90, 'A+', 2022);

INSERT INTO SpectatorPass (spectator_id, tournament_id, pass_type) VALUES
-- T001 (2019 - spring)
('P205', 'T001', 'Gold'),
('P211', 'T001', 'Regular'),
('P218', 'T001', 'Regular'),
('P223', 'T001', 'Silver'),
('P229', 'T001', 'Regular'),
('P238', 'T001', 'Regular'),
('P253', 'T001', 'Regular'),
('P259', 'T001', 'Gold'),
('P267', 'T001', 'Silver'),
('P275', 'T001', 'Regular'),
('P283', 'T001', 'Regular'),
('P289', 'T001', 'Regular'),
('P297', 'T001', 'Gold'),
('P201', 'T001', 'Regular'),

-- T002 (2019 - fall)
('P202', 'T002', 'Silver'),
('P209', 'T002', 'Regular'),
('P215', 'T002', 'Regular'),
('P227', 'T002', 'Regular'),
('P232', 'T002', 'Regular'),
('P239', 'T002', 'Silver'),
('P247', 'T002', 'Gold'),
('P256', 'T002', 'Regular'),
('P263', 'T002', 'Regular'),
('P271', 'T002', 'Regular'),
('P287', 'T002', 'Regular'),
('P293', 'T002', 'Silver'),
('P299', 'T002', 'Regular'),

-- T003 (2020 - spring)
('P203', 'T003', 'Regular'),
('P212', 'T003', 'Silver'),
('P217', 'T003', 'Regular'),
('P222', 'T003', 'Regular'),
('P230', 'T003', 'Regular'),
('P234', 'T003', 'Gold'),
('P243', 'T003', 'Regular'),
('P250', 'T003', 'Regular'),
('P257', 'T003', 'Silver'),
('P265', 'T003', 'Regular'),
('P272', 'T003', 'Regular'),
('P284', 'T003', 'Regular'),
('P290', 'T003', 'Gold'),

-- T004 (2020 - fall)
('P204', 'T004', 'Regular'),
('P213', 'T004', 'Regular'),
('P216', 'T004', 'Gold'),
('P224', 'T004', 'Regular'),
('P231', 'T004', 'Silver'),
('P235', 'T004', 'Regular'),
('P240', 'T004', 'Regular'),
('P245', 'T004', 'Regular'),
('P251', 'T004', 'Silver'),
('P260', 'T004', 'Regular'),
('P274', 'T004', 'Gold'),
('P278', 'T004', 'Regular'),
('P288', 'T004', 'Silver'),

-- T005 (2021 - spring)
('P206', 'T005', 'Gold'),
('P208', 'T005', 'Regular'),
('P221', 'T005', 'Regular'),
('P225', 'T005', 'Regular'),
('P237', 'T005', 'Silver'),
('P241', 'T005', 'Regular'),
('P244', 'T005', 'Regular'),
('P252', 'T005', 'Gold'),
('P262', 'T005', 'Regular'),
('P270', 'T005', 'Regular'),
('P276', 'T005', 'Silver'),
('P281', 'T005', 'Regular'),
('P295', 'T005', 'Regular'),
('P207', 'T005', 'Regular'),

-- T006 (2021 - fall)
('P214', 'T006', 'Regular'),
('P219', 'T006', 'Silver'),
('P226', 'T006', 'Regular'),
('P228', 'T006', 'Gold'),
('P236', 'T006', 'Regular'),
('P246', 'T006', 'Regular'),
('P254', 'T006', 'Silver'),
('P261', 'T006', 'Regular'),
('P268', 'T006', 'Regular'),
('P273', 'T006', 'Gold'),
('P280', 'T006', 'Regular'),
('P282', 'T006', 'Silver'),
('P291', 'T006', 'Regular'),

-- T007 (2022 - spring)
('P201', 'T007', 'Regular'),
('P203', 'T007', 'Silver'),
('P209', 'T007', 'Regular'),
('P211', 'T007', 'Regular'),
('P215', 'T007', 'Regular'),
('P217', 'T007', 'Gold'),
('P227', 'T007', 'Regular'),
('P233', 'T007', 'Regular'),
('P242', 'T007', 'Silver'),
('P249', 'T007', 'Regular'),
('P258', 'T007', 'Regular'),
('P264', 'T007', 'Gold'),
('P277', 'T007', 'Regular'),
('P285', 'T007', 'Silver'),

-- T008 (2022 - fall)
('P205', 'T008', 'Regular'),
('P210', 'T008', 'Regular'),
('P214', 'T008', 'Silver'),
('P220', 'T008', 'Regular'),
('P237', 'T008', 'Regular'),
('P248', 'T008', 'Gold'),
('P257', 'T008', 'Regular'),
('P266', 'T008', 'Regular'),
('P279', 'T008', 'Silver'),
('P286', 'T008', 'Regular'),
('P292', 'T008', 'Regular'),
('P295', 'T008', 'Gold'),

-- T009 (2023 - spring)
('P207', 'T009', 'Gold'),
('P213', 'T009', 'Regular'),
('P221', 'T009', 'Silver'),
('P225', 'T009', 'Regular'),
('P236', 'T009', 'Regular'),
('P240', 'T009', 'Regular'),
('P253', 'T009', 'Gold'),
('P260', 'T009', 'Regular'),
('P263', 'T009', 'Silver'),
('P275', 'T009', 'Regular'),
('P283', 'T009', 'Regular'),
('P294', 'T009', 'Regular'),

-- T010 (2023 - fall)
('P202', 'T010', 'Regular'),
('P218', 'T010', 'Silver'),
('P224', 'T010', 'Regular'),
('P233', 'T010', 'Gold'),
('P245', 'T010', 'Regular'),
('P251', 'T010', 'Regular'),
('P261', 'T010', 'Regular'),
('P269', 'T010', 'Silver'),
('P271', 'T010', 'Regular'),
('P280', 'T010', 'Gold'),
('P297', 'T010', 'Regular'),

-- T011 (2024 - spring)
('P204', 'T011', 'Gold'),
('P206', 'T011', 'Regular'),
('P212', 'T011', 'Regular'),
('P226', 'T011', 'Silver'),
('P235', 'T011', 'Regular'),
('P241', 'T011', 'Regular'),
('P250', 'T011', 'Regular'),
('P259', 'T011', 'Gold'),
('P273', 'T011', 'Regular'),
('P281', 'T011', 'Silver'),
('P290', 'T011', 'Regular'),

-- T012 (2024 - fall)
('P208', 'T012', 'Regular'),
('P216', 'T012', 'Silver'),
('P222', 'T012', 'Regular'),
('P230', 'T012', 'Gold'),
('P242', 'T012', 'Regular'),
('P249', 'T012', 'Regular'),
('P252', 'T012', 'Silver'),
('P268', 'T012', 'Regular'),
('P277', 'T012', 'Regular'),
('P287', 'T012', 'Gold');

INSERT INTO Team (team_id, sport_id, team_name, college_id, captain_id) VALUES
-- DA-IICT Teams
('T001', 'SP001', 'DA-IICT Football', 'DA-IICT', 'P001'),
('T002', 'SP002', 'DA-IICT Hoopers', 'DA-IICT', 'P005'),
('T003', 'SP005', 'DA-IICT Cricket', 'DA-IICT', 'P015'),
('T004', 'SP009', 'DA-IICT Volleyball', 'DA-IICT', 'P027'),
('T005', 'SP006', 'DA-IICT Smashers (Badminton)', 'DA-IICT', 'P045'),
('T006', 'SP003', 'DA-IICT Tennis', 'DA-IICT', 'P063'),
('T007', 'SP004', 'DA-IICT Chess', 'DA-IICT', 'P081'),
('T008', 'SP007', 'DA-IICT Carrom', 'DA-IICT', 'P099'),
('T009', 'SP008', 'DA-IICT Table Tennis', 'DA-IICT', 'P121'),
('T010', 'SP010', 'DA-IICT Powerlifting', 'DA-IICT', 'P131'),

-- Nirma University Teams
('T011', 'SP001', 'Nirma Falcons (Football)', 'Nirma University', 'P002'),
('T012', 'SP002', 'Nirma Ballers', 'Nirma University', 'P009'),
('T013', 'SP005', 'Nirma Titans (Cricket)', 'Nirma University', 'P023'),
('T014', 'SP009', 'Nirma Spikers (Volleyball)', 'Nirma University', 'P039'),
('T015', 'SP006', 'Nirma Rackets (Badminton)', 'Nirma University', 'P057'),
('T016', 'SP003', 'Nirma Tennis', 'Nirma University', 'P071'),
('T017', 'SP004', 'Nirma Chess', 'Nirma University', 'P085'),
('T018', 'SP007', 'Nirma Carrom', 'Nirma University', 'P095'),
('T019', 'SP008', 'Nirma Table Tennis', 'Nirma University', 'P107'),
('T020', 'SP010', 'Nirma Powerlifting', 'Nirma University', 'P117'),

-- PDPU Teams
('T021', 'SP001', 'PDPU Lions (Football)', 'PDPU', 'P011'),
('T022', 'SP002', 'PDPU Dunkers (Basketball)', 'PDPU', 'P017'),
('T023', 'SP005', 'PDPU Cricket', 'PDPU', 'P025'),
('T024', 'SP009', 'PDPU Volleyball', 'PDPU', 'P041'),
('T025', 'SP006', 'PDPU Badminton', 'PDPU', 'P061'),
('T026', 'SP003', 'PDPU Tennis', 'PDPU', 'P087'),
('T027', 'SP004', 'PDPU Chess', 'PDPU', 'P103'),
('T028', 'SP007', 'PDPU Carrom', 'PDPU', 'P113'),
('T029', 'SP008', 'PDPU Table Tennis', 'PDPU', 'P123'),
('T030', 'SP010', 'PDPU Powerlifting', 'PDPU', 'P133'),

-- LDCE Teams
('T031', 'SP001', 'LDCE Raptors (Football)', 'LDCE', 'P004'),
('T032', 'SP002', 'LDCE Pacers (Basketball)', 'LDCE', 'P013'),
('T033', 'SP005', 'LDCE Cricket', 'LDCE', 'P048'), -- Using F player, assuming mixed teams are allowed
('T034', 'SP009', 'LDCE Spikers (Volleyball)', 'LDCE', 'P055'),
('T035', 'SP006', 'LDCE Racers (Badminton)', 'LDCE', 'P075'),
('T036', 'SP003', 'LDCE Tennis', 'LDCE', 'P088'),
('T037', 'SP004', 'LDCE Chess', 'LDCE', 'P104'),
('T038', 'SP007', 'LDCE Carrom', 'LDCE', 'P119'),
('T039', 'SP008', 'LDCE Table Tennis', 'LDCE', 'P129'),
('T040', 'SP010', 'LDCE Powerlifting', 'LDCE', 'P139'),

-- MSU Baroda Teams
('T041', 'SP001', 'MSU Strikers (Football)', 'MSU Baroda', 'P007'),
('T042', 'SP002', 'MSU Baroda Ballers', 'MSU Baroda', 'P021'),
('T043', 'SP005', 'MSU Baroda Cricket', 'MSU Baroda', 'P037'),
('T044', 'SP009', 'MSU Baroda Volleyball', 'MSU Baroda', 'P051'),
('T045', 'SP006', 'MSU Baroda Badminton', 'MSU Baroda', 'P059'),
('T046', 'SP003', 'MSU Baroda Tennis', 'MSU Baroda', 'P073'),
('T047', 'SP004', 'MSU Baroda Chess', 'MSU Baroda', 'P083'),
('T048', 'SP007', 'MSU Baroda Carrom', 'MSU Baroda', 'P097'),
('T049', 'SP008', 'MSU Baroda Table Tennis', 'MSU Baroda', 'P105'),
('T050', 'SP010', 'MSU Baroda Powerlifting', 'MSU Baroda', 'P115'),

-- IIT Gandhinagar Teams
('T051', 'SP001', 'IIT Gandhinagar Football', 'IIT Gandhinagar', 'P006'),
('T052', 'SP002', 'IIT Gandhinagar Basketball', 'IIT Gandhinagar', 'P012'),
('T053', 'SP005', 'IIT Gandhinagar Cricket', 'IIT Gandhinagar', 'P020'),
('T054', 'SP009', 'IIT Gandhinagar Volleyball', 'IIT Gandhinagar', 'P028'),
('T055', 'SP006', 'IIT Gandhinagar Badminton', 'IIT Gandhinagar', 'P036'),
('T056', 'SP003', 'IIT Gandhinagar Tennis', 'IIT Gandhinagar', 'P043'),
('T057', 'SP004', 'IIT Gandhinagar Chess', 'IIT Gandhinagar', 'P050'),
('T058', 'SP007', 'IIT Gandhinagar Carrom', 'IIT Gandhinagar', 'P058'),
('T059', 'SP008', 'IIT Gandhinagar Table Tennis', 'IIT Gandhinagar', 'P064'),
('T060', 'SP010', 'IIT Gandhinagar Powerlifting', 'IIT Gandhinagar', 'P074');

INSERT INTO Match (match_id, sport_id, tournament_id, date, match_type, time, venue_id, referee_id) VALUES
-- T001 (2019 Spring: 2019-03-10 to 2019-03-20)
('M001', 'SP001', 'T001', '2019-03-11', 'Group', '10:00:00', 'V006', 'R001'), -- Football
('M002', 'SP005', 'T001', '2019-03-13', 'Group', '13:30:00', 'V005', 'R002'), -- Cricket
('M003', 'SP002', 'T001', '2019-03-15', 'Quarterfinal', '17:00:00', 'V007', 'R003'), -- Basketball
('M004', 'SP006', 'T001', '2019-03-17', 'Semifinal', '18:30:00', 'V011', 'R004'), -- Badminton
('M005', 'SP003', 'T001', '2019-03-20', 'Final', '11:00:00', 'V003', 'R005'), -- Tennis

-- T002 (2019 Fall: 2019-09-15 to 2019-09-25)
('M006', 'SP009', 'T002', '2019-09-16', 'Group', '09:00:00', 'V008', 'R006'), -- Volleyball
('M007', 'SP008', 'T002', '2019-09-17', 'Group', '15:45:00', 'V004', 'R007'), -- Table Tennis
('M008', 'SP004', 'T002', '2019-09-19', 'Quarterfinal', '10:30:00', 'V010', 'R008'), -- Chess
('M009', 'SP010', 'T002', '2019-09-22', 'Semifinal', '19:00:00', 'V013', 'R009'), -- Powerlifting
('M010', 'SP007', 'T002', '2019-09-25', 'Final', '16:00:00', 'V009', 'R010'), -- Carrom

-- T003 (2020 Spring: 2020-03-12 to 2020-03-22)
('M011', 'SP001', 'T003', '2020-03-13', 'Group', '11:30:00', 'V006', 'R001'),
('M012', 'SP002', 'T003', '2020-03-14', 'Group', '16:00:00', 'V007', 'R002'),
('M013', 'SP005', 'T003', '2020-03-16', 'Quarterfinal', '14:00:00', 'V005', 'R003'),
('M014', 'SP006', 'T003', '2020-03-18', 'Semifinal', '17:30:00', 'V011', 'R004'),
('M015', 'SP003', 'T003', '2020-03-21', 'Final', '12:00:00', 'V003', 'R005'),

-- T004 (2020 Fall: 2020-09-18 to 2020-09-28)
('M016', 'SP009', 'T004', '2020-09-19', 'Group', '08:30:00', 'V008', 'R006'),
('M017', 'SP008', 'T004', '2020-09-21', 'Group', '15:00:00', 'V004', 'R007'),
('M018', 'SP004', 'T004', '2020-09-24', 'Quarterfinal', '11:00:00', 'V010', 'R008'),
('M019', 'SP010', 'T004', '2020-09-26', 'Semifinal', '19:30:00', 'V013', 'R009'),
('M020', 'SP007', 'T004', '2020-09-28', 'Final', '16:30:00', 'V009', 'R010'),

-- T005 (2021 Spring: 2021-03-08 to 2021-03-18)
('M021', 'SP001', 'T005', '2021-03-09', 'Group', '10:00:00', 'V006', 'R001'),
('M022', 'SP005', 'T005', '2021-03-10', 'Group', '13:30:00', 'V005', 'R002'),
('M023', 'SP002', 'T005', '2021-03-12', 'Quarterfinal', '17:00:00', 'V007', 'R003'),
('M024', 'SP006', 'T005', '2021-03-14', 'Semifinal', '18:30:00', 'V011', 'R004'),
('M025', 'SP003', 'T005', '2021-03-17', 'Final', '11:00:00', 'V003', 'R005'),

-- T006 (2021 Fall: 2021-09-10 to 2021-09-20)
('M026', 'SP009', 'T006', '2021-09-11', 'Group', '09:00:00', 'V008', 'R006'),
('M027', 'SP008', 'T006', '2021-09-13', 'Group', '15:45:00', 'V004', 'R007'),
('M028', 'SP004', 'T006', '2021-09-15', 'Quarterfinal', '10:30:00', 'V010', 'R008'),
('M029', 'SP010', 'T006', '2021-09-17', 'Semifinal', '19:00:00', 'V013', 'R009'),
('M030', 'SP007', 'T006', '2021-09-20', 'Final', '16:00:00', 'V009', 'R010'),

-- T007 (2022 Spring: 2022-03-05 to 2022-03-15)
('M031', 'SP001', 'T007', '2022-03-06', 'Group', '11:30:00', 'V006', 'R001'),
('M032', 'SP002', 'T007', '2022-03-08', 'Group', '16:00:00', 'V007', 'R002'),
('M033', 'SP005', 'T007', '2022-03-10', 'Quarterfinal', '14:00:00', 'V005', 'R003'),
('M034', 'SP006', 'T007', '2022-03-12', 'Semifinal', '17:30:00', 'V011', 'R004'),
('M035', 'SP003', 'T007', '2022-03-15', 'Final', '12:00:00', 'V003', 'R005'),

-- T008 (2022 Fall: 2022-09-12 to 2022-09-22)
('M036', 'SP009', 'T008', '2022-09-13', 'Group', '08:30:00', 'V008', 'R006'),
('M037', 'SP008', 'T008', '2022-09-15', 'Group', '15:00:00', 'V004', 'R007'),
('M038', 'SP004', 'T008', '2022-09-17', 'Quarterfinal', '11:00:00', 'V010', 'R008'),
('M039', 'SP010', 'T008', '2022-09-19', 'Semifinal', '19:30:00', 'V013', 'R009'),
('M040', 'SP007', 'T008', '2022-09-22', 'Final', '16:30:00', 'V009', 'R010'),

-- T009 (2023 Spring: 2023-03-07 to 2023-03-17)
('M041', 'SP001', 'T009', '2023-03-08', 'Group', '10:00:00', 'V006', 'R001'),
('M042', 'SP005', 'T009', '2023-03-10', 'Group', '13:30:00', 'V005', 'R002'),
('M043', 'SP002', 'T009', '2023-03-12', 'Quarterfinal', '17:00:00', 'V007', 'R003'),
('M044', 'SP006', 'T009', '2023-03-14', 'Semifinal', '18:30:00', 'V011', 'R004'),
('M045', 'SP003', 'T009', '2023-03-17', 'Final', '11:00:00', 'V003', 'R005'),

-- T010 (2023 Fall: 2023-09-09 to 2023-09-19)
('M046', 'SP009', 'T010', '2023-09-10', 'Group', '09:00:00', 'V008', 'R006'),
('M047', 'SP008', 'T010', '2023-09-12', 'Group', '15:45:00', 'V004', 'R007'),
('M048', 'SP004', 'T010', '2023-09-14', 'Quarterfinal', '10:30:00', 'V010', 'R008'),
('M049', 'SP010', 'T010', '2023-09-16', 'Semifinal', '19:00:00', 'V013', 'R009'),
('M050', 'SP007', 'T010', '2023-09-19', 'Final', '16:00:00', 'V009', 'R010'),

-- T011 (2024 Spring: 2024-03-11 to 2024-03-21)
('M051', 'SP001', 'T011', '2024-03-12', 'Group', '11:30:00', 'V006', 'R001'),
('M052', 'SP002', 'T011', '2024-03-14', 'Group', '16:00:00', 'V007', 'R002'),
('M053', 'SP005', 'T011', '2024-03-16', 'Quarterfinal', '14:00:00', 'V005', 'R003'),
('M054', 'SP006', 'T011', '2024-03-18', 'Semifinal', '17:30:00', 'V011', 'R004'),
('M055', 'SP003', 'T011', '2024-03-21', 'Final', '12:00:00', 'V003', 'R005'),

-- T012 (2024 Fall: 2024-09-14 to 2024-09-24)
('M056', 'SP009', 'T012', '2024-09-15', 'Group', '08:30:00', 'V008', 'R006'),
('M057', 'SP008', 'T012', '2024-09-17', 'Group', '15:00:00', 'V004', 'R007'),
('M058', 'SP004', 'T012', '2024-09-20', 'Quarterfinal', '11:00:00', 'V010', 'R008'),
('M059', 'SP010', 'T012', '2024-09-22', 'Semifinal', '19:30:00', 'V013', 'R009'),
('M060', 'SP007', 'T012', '2024-09-24', 'Final', '16:30:00', 'V009', 'R010');

INSERT INTO SportRules (sport_id, rules) VALUES
('SP001', 'Football: Two teams of 11 attempt to score by kicking or heading a ball into the opposing team''s goal. Only the goalkeeper can use their hands/arms. The team that scores the most goals wins.'),
('SP002', 'Basketball: Two teams of 5 players score points by shooting a ball through a hoop (basket). Players advance the ball by dribbling or passing. Fouls result in free throws or possession loss.'),
('SP003', 'Tennis: Players use rackets to hit a ball over a net into the opponent''s court. Scoring follows love, 15, 30, 40, deuce, advantage, and game structure. Matches are played as best-of sets.'),
('SP004', 'Chess: Two players move 16 pieces (Pawns, Rooks, Knights, Bishops, Queen, King) on an 8x8 board. The objective is to capture the opponent''s king (checkmate). Each piece has a unique movement pattern.'),
('SP005', 'Cricket: Two teams compete in batting and fielding innings. Batters score runs by hitting the ball and running between two wickets. Fielders try to dismiss the batters (e.g., bowled, caught, run out).'),
('SP006', 'Badminton: Players use rackets to hit a shuttlecock over a net. A rally ends when the shuttlecock lands within boundaries or is hit illegally. Games are typically played to 21 points.'),
('SP007', 'Carrom: Players use a striker to flick carrom men and the queen into four corner pockets. The queen must be covered immediately by a carrom man. The first player to pocket all their men and the covered queen wins.'),
('SP008', 'Table Tennis: Two or four players hit a lightweight ball back and forth across a table divided by a net. The ball must bounce once on the receiver''s side. Games are usually played to 11 points.'),
('SP009', 'Volleyball: Two teams of six players score points by grounding a ball on the opposing team''s side of the court. Teams can hit the ball a maximum of three times before sending it over the net.'),
('SP010', 'Powerlifting: An individual sport testing maximum strength in three lifts: Squat, Bench Press, and Deadlift. The winner is the athlete with the highest total weight lifted across the three successful attempts.');

INSERT INTO Accommodation (person_id, tournament_id, room_no, check_in_date, check_out_date, status) VALUES
-- T001 (2019-03-10 to 2019-03-20)
('P001', 'T001', 'H101', '2019-03-09', '2019-03-21', 'checked_out'),
('P005', 'T001', 'H102', '2019-03-09', '2019-03-21', 'checked_out'),
('P011', 'T001', 'H103', '2019-03-10', '2019-03-20', 'checked_out'),
('P020', 'T001', 'H104', '2019-03-08', '2019-03-18', 'checked_out'),
('P027', 'T001', 'H105', '2019-03-11', '2019-03-19', 'checked_out'),
('P205', 'T001', 'G201', '2019-03-10', '2019-03-15', 'checked_out'),
('P211', 'T001', 'G202', '2019-03-12', '2019-03-14', 'cancelled'),
('P259', 'T001', 'G203', '2019-03-09', '2019-03-21', 'checked_out'),

-- T002 (2019-09-15 to 2019-09-25)
('P002', 'T002', 'H110', '2019-09-14', '2019-09-26', 'checked_out'),
('P007', 'T002', 'H111', '2019-09-15', '2019-09-25', 'checked_out'),
('P015', 'T002', 'H112', '2019-09-13', '2019-09-27', 'checked_out'),
('P023', 'T002', 'H113', '2019-09-16', '2019-09-24', 'checked_out'),
('P031', 'T002', 'H114', '2019-09-17', '2019-09-20', 'checked_out'),
('P202', 'T002', 'G210', '2019-09-15', '2019-09-22', 'checked_out'),
('P239', 'T002', 'G211', '2019-09-16', '2019-09-21', 'checked_out'),
('P247', 'T002', 'G212', '2019-09-14', '2019-09-26', 'checked_out'),

-- T003 (2020-03-12 to 2020-03-22)
('P004', 'T003', 'H120', '2020-03-10', '2020-03-20', 'checked_out'),
('P009', 'T003', 'H121', '2020-03-11', '2020-03-23', 'checked_out'),
('P017', 'T003', 'H122', '2020-03-13', '2020-03-21', 'checked_out'),
('P029', 'T003', 'H123', '2020-03-12', '2020-03-22', 'checked_out'),
('P035', 'T003', 'H124', '2020-03-14', '2020-03-19', 'checked_out'),
('P203', 'T003', 'G220', '2020-03-12', '2020-03-17', 'checked_out'),
('P212', 'T003', 'G221', '2020-03-11', '2020-03-23', 'checked_out'),
('P257', 'T003', 'G222', '2020-03-13', '2020-03-20', 'checked_out'),

-- T004 (2020-09-18 to 2020-09-28)
('P006', 'T004', 'H130', '2020-09-17', '2020-09-29', 'checked_out'),
('P013', 'T004', 'H131', '2020-09-18', '2020-09-26', 'checked_out'),
('P021', 'T004', 'H132', '2020-09-19', '2020-09-27', 'checked_out'),
('P030', 'T004', 'H133', '2020-09-16', '2020-09-28', 'checked_out'),
('P039', 'T004', 'H134', '2020-09-20', '2020-09-25', 'checked_out'),
('P213', 'T004', 'G230', '2020-09-19', '2020-09-24', 'checked_out'),
('P216', 'T004', 'G231', '2020-09-17', '2020-09-29', 'checked_out'),
('P245', 'T004', 'G232', '2020-09-21', '2020-09-28', 'checked_out'),

-- T005 (2021-03-08 to 2021-03-18)
('P003', 'T005', 'H140', '2021-03-07', '2021-03-19', 'checked_out'),
('P008', 'T005', 'H141', '2021-03-08', '2021-03-17', 'checked_out'),
('P014', 'T005', 'H142', '2021-03-09', '2021-03-18', 'checked_out'),
('P024', 'T005', 'H143', '2021-03-10', '2021-03-16', 'checked_out'),
('P033', 'T005', 'H144', '2021-03-11', '2021-03-15', 'checked_out'),
('P206', 'T005', 'G240', '2021-03-08', '2021-03-13', 'checked_out'),
('P225', 'T005', 'G241', '2021-03-10', '2021-03-15', 'checked_out'),
('P252', 'T005', 'G242', '2021-03-07', '2021-03-19', 'checked_out'),

-- T006 (2021-09-10 to 2021-09-20)
('P019', 'T006', 'H150', '2021-09-09', '2021-09-21', 'checked_out'),
('P026', 'T006', 'H151', '2021-09-10', '2021-09-20', 'checked_out'),
('P037', 'T006', 'H152', '2021-09-11', '2021-09-19', 'checked_out'),
('P040', 'T006', 'H153', '2021-09-12', '2021-09-18', 'checked_out'),
('P043', 'T006', 'H154', '2021-09-13', '2021-09-17', 'checked_out'),
('P219', 'T006', 'G250', '2021-09-10', '2021-09-15', 'checked_out'),
('P228', 'T006', 'G251', '2021-09-08', '2021-09-22', 'checked_out'),
('P273', 'T006', 'G252', '2021-09-11', '2021-09-20', 'checked_out'),

-- T007 (2022-03-05 to 2022-03-15)
('P009', 'T007', 'H160', '2022-03-04', '2022-03-16', 'checked_out'),
('P016', 'T007', 'H161', '2022-03-05', '2022-03-15', 'checked_out'),
('P022', 'T007', 'H162', '2022-03-06', '2022-03-14', 'checked_out'),
('P036', 'T007', 'H163', '2022-03-07', '2022-03-13', 'checked_out'),
('P049', 'T007', 'H164', '2022-03-08', '2022-03-12', 'checked_out'),
('P201', 'T007', 'G260', '2022-03-05', '2022-03-11', 'checked_out'),
('P217', 'T007', 'G261', '2022-03-04', '2022-03-16', 'checked_out'),
('P277', 'T007', 'G262', '2022-03-07', '2022-03-15', 'checked_out'),

-- T008 (2022-09-12 to 2022-09-22)
('P010', 'T008', 'H170', '2022-09-11', '2022-09-23', 'checked_out'),
('P025', 'T008', 'H171', '2022-09-12', '2022-09-22', 'checked_out'),
('P041', 'T008', 'H172', '2022-09-13', '2022-09-21', 'checked_out'),
('P046', 'T008', 'H173', '2022-09-14', '2022-09-20', 'checked_out'),
('P060', 'T008', 'H174', '2022-09-15', '2022-09-19', 'checked_out'),
('P205', 'T008', 'G270', '2022-09-12', '2022-09-17', 'checked_out'),
('P248', 'T008', 'G271', '2022-09-11', '2022-09-23', 'checked_out'),
('P266', 'T008', 'G272', '2022-09-14', '2022-09-22', 'checked_out'),

-- T009 (2023-03-07 to 2023-03-17)
('P006', 'T009', 'H180', '2023-03-06', '2023-03-18', 'checked_out'),
('P012', 'T009', 'H181', '2023-03-07', '2023-03-17', 'checked_out'),
('P033', 'T009', 'H182', '2023-03-08', '2023-03-16', 'checked_out'),
('P049', 'T009', 'H183', '2023-03-09', '2023-03-15', 'checked_out'),
('P052', 'T009', 'H184', '2023-03-10', '2023-03-14', 'checked_out'),
('P207', 'T009', 'G280', '2023-03-07', '2023-03-12', 'checked_out'),
('P253', 'T009', 'G281', '2023-03-09', '2023-03-15', 'checked_out'),
('P294', 'T009', 'G282', '2023-03-08', '2023-03-18', 'checked_out'),

-- T010 (2023-09-09 to 2023-09-19)
('P003', 'T010', 'H190', '2023-09-08', '2023-09-20', 'checked_out'),
('P014', 'T010', 'H191', '2023-09-09', '2023-09-19', 'checked_out'),
('P028', 'T010', 'H192', '2023-09-10', '2023-09-18', 'checked_out'),
('P036', 'T010', 'H193', '2023-09-11', '2023-09-17', 'checked_out'),
('P065', 'T010', 'H194', '2023-09-12', '2023-09-16', 'checked_out'),
('P202', 'T010', 'G290', '2023-09-09', '2023-09-14', 'checked_out'),
('P233', 'T010', 'G291', '2023-09-10', '2023-09-18', 'checked_out'),
('P280', 'T010', 'G292', '2023-09-08', '2023-09-20', 'checked_out'),

-- T011 (2024-03-11 to 2024-03-21)
('P001', 'T011', 'H201', '2024-03-10', '2024-03-22', 'checked_out'),
('P005', 'T011', 'H202', '2024-03-11', '2024-03-21', 'checked_out'),
('P011', 'T011', 'H203', '2024-03-12', '2024-03-20', 'checked_out'),
('P020', 'T011', 'H204', '2024-03-13', '2024-03-19', 'checked_out'),
('P050', 'T011', 'H205', '2024-03-14', '2024-03-18', 'checked_out'),
('P204', 'T011', 'G301', '2024-03-11', '2024-03-16', 'checked_out'),
('P259', 'T011', 'G302', '2024-03-10', '2024-03-22', 'checked_out'),
('P281', 'T011', 'G303', '2024-03-13', '2024-03-21', 'checked_out'),

-- T012 (2024-09-14 to 2024-09-24)
('P002', 'T012', 'H210', '2024-09-13', '2024-09-25', 'checked_out'),
('P007', 'T012', 'H211', '2024-09-14', '2024-09-24', 'checked_out'),
('P015', 'T012', 'H212', '2024-09-15', '2024-09-23', 'checked_out'),
('P023', 'T012', 'H213', '2024-09-16', '2024-09-22', 'checked_out'),
('P031', 'T012', 'H214', '2024-09-17', '2024-09-21', 'checked_out'),
('P216', 'T012', 'G310', '2024-09-14', '2024-09-19', 'checked_out'),
('P230', 'T012', 'G311', '2024-09-13', '2024-09-25', 'checked_out'),
('P287', 'T012', 'G312', '2024-09-16', '2024-09-24', 'checked_out'),

-- T013 (2025-03-09 to 2025-03-19) - Future Bookings
('P004', 'T013', 'H220', '2025-03-08', '2025-03-20', 'booked'),
('P009', 'T013', 'H221', '2025-03-09', '2025-03-19', 'booked'),
('P017', 'T013', 'H222', '2025-03-10', '2025-03-18', 'booked'),
('P030', 'T013', 'H223', '2025-03-11', '2025-03-17', 'booked'),
('P048', 'T013', 'H224', '2025-03-12', '2025-03-16', 'booked'),
('P203', 'T013', 'G320', '2025-03-09', '2025-03-14', 'booked'),
('P212', 'T013', 'G321', '2025-03-08', '2025-03-20', 'booked'),
('P257', 'T013', 'G322', '2025-03-11', '2025-03-19', 'booked'),

-- T014 (2025-09-16 to 2025-09-26) - Future Bookings
('P006', 'T014', 'H230', '2025-09-15', '2025-09-27', 'booked'),
('P013', 'T014', 'H231', '2025-09-16', '2025-09-26', 'booked'),
('P021', 'T014', 'H232', '2025-09-17', '2025-09-25', 'booked'),
('P034', 'T014', 'H233', '2025-09-18', '2025-09-24', 'booked'),
('P037', 'T014', 'H234', '2025-09-19', '2025-09-23', 'booked'),
('P213', 'T014', 'G330', '2025-09-16', '2025-09-21', 'booked'),
('P216', 'T014', 'G331', '2025-09-15', '2025-09-27', 'booked'),
('P245', 'T014', 'G332', '2025-09-18', '2025-09-26', 'booked');

INSERT INTO OrganizeTournament (tournament_id, member_id, role, department) VALUES
-- T001 (2019 Spring) - Increased Volunteers/Coordinators
('T001', 'O001', 'Coordinator', 'Operations'),
('T001', 'O002', 'Manager', 'Logistics'),
('T001', 'O003', 'Coordinator', 'Marketing'),
('T001', 'O004', 'Volunteer', 'Hospitality'),
('T001', 'O005', 'Volunteer', 'Logistics'),
('T001', 'O008', 'Volunteer', 'Operations'),
('T001', 'O013', 'Assistant', 'Finance'),

---
-- T002 (2019 Fall) - Increased Volunteers/Coordinators
('T002', 'O001', 'Manager', 'Operations'),
('T002', 'O006', 'Coordinator', 'Finance'),
('T002', 'O007', 'Volunteer', 'Volunteers'),
('T002', 'O008', 'Volunteer', 'Technical'),
('T002', 'O009', 'Coordinator', 'Marketing'),
('T002', 'O010', 'Volunteer', 'Logistics'),
('T002', 'O014', 'Assistant', 'Hospitality'),

---
-- T003 (2020 Spring) - Increased Volunteers/Coordinators
('T003', 'O002', 'Coordinator', 'Logistics'),
('T003', 'O003', 'Manager', 'Operations'),
('T003', 'O005', 'Coordinator', 'Finance'),
('T003', 'O010', 'Assistant', 'Finance'),
('T003', 'O011', 'Volunteer', 'Logistics'),
('T003', 'O012', 'Volunteer', 'Marketing'),
('T003', 'O015', 'Volunteer', 'Operations'),

---
-- T004 (2020 Fall) - Increased Volunteers/Coordinators
('T004', 'O004', 'Manager', 'Logistics'),
('T004', 'O005', 'Coordinator', 'Marketing'),
('T004', 'O006', 'Volunteer', 'Logistics'),
('T004', 'O013', 'Assistant', 'Hospitality'),
('T004', 'O014', 'Volunteer', 'Technical'),
('T004', 'O015', 'Coordinator', 'Volunteers'),
('T004', 'O007', 'Volunteer', 'Marketing'),

---
-- T005 (2021 Spring) - Increased Volunteers/Coordinators
('T005', 'O001', 'Volunteer', 'Finance'),
('T005', 'O006', 'Coordinator', 'Finance'),
('T005', 'O007', 'Manager', 'Technical'),
('T005', 'O008', 'Coordinator', 'Operations'),
('T005', 'O009', 'Volunteer', 'Marketing'),
('T005', 'O010', 'Assistant', 'Logistics'),
('T005', 'O012', 'Volunteer', 'Operations'),

---
-- T006 (2021 Fall) - Increased Volunteers/Coordinators
('T006', 'O011', 'Manager', 'Marketing'),
('T006', 'O012', 'Coordinator', 'Hospitality'),
('T006', 'O013', 'Coordinator', 'Finance'),
('T006', 'O014', 'Volunteer', 'Logistics'),
('T006', 'O015', 'Assistant', 'Operations'),
('T006', 'O002', 'Volunteer', 'Marketing'),
('T006', 'O004', 'Coordinator', 'Technical'),

---
-- T007 (2022 Spring) - Increased Volunteers/Coordinators
('T007', 'O001', 'Coordinator', 'Marketing'),
('T007', 'O003', 'Manager', 'Logistics'),
('T007', 'O005', 'Volunteer', 'Volunteers'),
('T007', 'O007', 'Volunteer', 'Operations'),
('T007', 'O009', 'Coordinator', 'Hospitality'),
('T007', 'O011', 'Assistant', 'Finance'),
('T007', 'O013', 'Volunteer', 'Logistics'),

---
-- T008 (2022 Fall) - Increased Volunteers/Coordinators
('T008', 'O002', 'Manager', 'Finance'),
('T008', 'O004', 'Coordinator', 'Technical'),
('T008', 'O006', 'Coordinator', 'Marketing'),
('T008', 'O008', 'Volunteer', 'Logistics'),
('T008', 'O010', 'Assistant', 'Operations'),
('T008', 'O012', 'Volunteer', 'Hospitality'),
('T008', 'O014', 'Volunteer', 'Volunteers'),

---
-- T009 (2023 Spring) - Increased Volunteers/Coordinators
('T009', 'O001', 'Manager', 'Operations'),
('T009', 'O003', 'Coordinator', 'Logistics'),
('T009', 'O005', 'Volunteer', 'Technical'),
('T009', 'O011', 'Assistant', 'Finance'),
('T009', 'O013', 'Coordinator', 'Marketing'),
('T009', 'O015', 'Assistant', 'Hospitality'),
('T009', 'O007', 'Volunteer', 'Marketing'),

---
-- T010 (2023 Fall) - Increased Volunteers/Coordinators
('T010', 'O002', 'Coordinator', 'Marketing'),
('T010', 'O004', 'Manager', 'Operations'),
('T010', 'O005', 'Assistant', 'Logistics'),
('T010', 'O012', 'Volunteer', 'Volunteers'),
('T010', 'O014', 'Coordinator', 'Technical'),
('T010', 'O001', 'Volunteer', 'Marketing'),
('T010', 'O008', 'Assistant', 'Finance'),

---
-- T011 (2024 Spring) - Increased Volunteers/Coordinators
('T011', 'O006', 'Manager', 'Hospitality'),
('T011', 'O007', 'Coordinator', 'Marketing'),
('T011', 'O008', 'Assistant', 'Finance'),
('T011', 'O009', 'Volunteer', 'Technical'),
('T011', 'O010', 'Coordinator', 'Operations'),
('T011', 'O013', 'Volunteer', 'Logistics'),
('T011', 'O015', 'Coordinator', 'Logistics'),

---
-- T012 (2024 Fall) - Increased Volunteers/Coordinators
('T012', 'O003', 'Volunteer', 'Operations'),
('T012', 'O011', 'Coordinator', 'Technical'),
('T012', 'O012', 'Manager', 'Operations'),
('T012', 'O013', 'Assistant', 'Logistics'),
('T012', 'O014', 'Volunteer', 'Marketing'),
('T012', 'O015', 'Coordinator', 'Volunteers'),
('T012', 'O006', 'Volunteer', 'Hospitality'),

---
-- T013 (2025 Spring) - Increased Volunteers/Coordinators (Future event)
('T013', 'O001', 'Manager', 'Finance'),
('T013', 'O002', 'Coordinator', 'Hospitality'),
('T013', 'O003', 'Coordinator', 'Technical'),
('T013', 'O004', 'Volunteer', 'Logistics'),
('T013', 'O005', 'Assistant', 'Operations'),
('T013', 'O009', 'Volunteer', 'Marketing'),
('T013', 'O011', 'Coordinator', 'Operations'),

---
-- T014 (2025 Fall) - Increased Volunteers/Coordinators (Future event)
('T014', 'O006', 'Coordinator', 'Operations'),
('T014', 'O007', 'Manager', 'Marketing'),
('T014', 'O008', 'Volunteer', 'Finance'),
('T014', 'O009', 'Volunteer', 'Volunteers'),
('T014', 'O010', 'Coordinator', 'Logistics'),
('T014', 'O013', 'Assistant', 'Technical'),
('T014', 'O014', 'Coordinator', 'Marketing');

INSERT INTO SpectatorViewMatch (spectator_id, match_id) VALUES
-- T001 Matches (M001-M005, 2019 Spring)
('P205', 'M001'), ('P211', 'M001'), ('P259', 'M001'),
('P205', 'M002'), ('P218', 'M002'), ('P267', 'M002'),
('P223', 'M003'), ('P253', 'M003'), ('P283', 'M003'),
('P229', 'M004'), ('P238', 'M004'), ('P297', 'M004'),
('P201', 'M005'), ('P205', 'M005'), ('P259', 'M005'),

-- T002 Matches (M006-M010, 2019 Fall)
('P202', 'M006'), ('P209', 'M006'), ('P215', 'M006'),
('P227', 'M007'), ('P232', 'M007'), ('P239', 'M007'),
('P247', 'M008'), ('P256', 'M008'), ('P263', 'M008'),
('P271', 'M009'), ('P287', 'M009'), ('P293', 'M009'),
('P299', 'M010'), ('P202', 'M010'), ('P215', 'M010'),

-- T003 Matches (M011-M015, 2020 Spring)
('P203', 'M011'), ('P212', 'M011'), ('P217', 'M012'),
('P222', 'M012'), ('P230', 'M013'), ('P234', 'M013'),
('P243', 'M014'), ('P250', 'M014'), ('P257', 'M015'),
('P265', 'M015'), ('P272', 'M015'), ('P284', 'M015'),

-- T004 Matches (M016-M020, 2020 Fall)
('P204', 'M016'), ('P213', 'M016'), ('P216', 'M017'),
('P224', 'M017'), ('P231', 'M018'), ('P235', 'M018'),
('P240', 'M019'), ('P245', 'M019'), ('P251', 'M020'),
('P260', 'M020'), ('P274', 'M020'), ('P278', 'M020'),

-- T005 Matches (M021-M025, 2021 Spring)
('P206', 'M021'), ('P208', 'M021'), ('P221', 'M022'),
('P225', 'M022'), ('P237', 'M023'), ('P241', 'M023'),
('P244', 'M024'), ('P252', 'M024'), ('P262', 'M025'),
('P270', 'M025'), ('P276', 'M025'), ('P281', 'M025'),

-- T006 Matches (M026-M030, 2021 Fall)
('P214', 'M026'), ('P219', 'M026'), ('P226', 'M027'),
('P228', 'M027'), ('P236', 'M028'), ('P246', 'M028'),
('P254', 'M029'), ('P261', 'M029'), ('P268', 'M030'),
('P273', 'M030'), ('P280', 'M030'), ('P282', 'M030'),

-- T007 Matches (M031-M035, 2022 Spring)
('P201', 'M031'), ('P203', 'M031'), ('P209', 'M032'),
('P211', 'M032'), ('P215', 'M033'), ('P217', 'M033'),
('P227', 'M034'), ('P233', 'M034'), ('P242', 'M035'),
('P249', 'M035'), ('P258', 'M035'), ('P264', 'M035'),

-- T008 Matches (M036-M040, 2022 Fall)
('P205', 'M036'), ('P210', 'M036'), ('P214', 'M037'),
('P220', 'M037'), ('P237', 'M038'), ('P248', 'M038'),
('P257', 'M039'), ('P266', 'M039'), ('P279', 'M040'),
('P286', 'M040'), ('P292', 'M040'), ('P295', 'M040'),

-- T009 Matches (M041-M045, 2023 Spring)
('P207', 'M041'), ('P213', 'M041'), ('P221', 'M042'),
('P225', 'M042'), ('P236', 'M043'), ('P240', 'M043'),
('P253', 'M044'), ('P260', 'M044'), ('P263', 'M045'),
('P275', 'M045'), ('P283', 'M045'), ('P294', 'M045'),

-- T010 Matches (M046-M050, 2023 Fall)
('P202', 'M046'), ('P218', 'M046'), ('P224', 'M047'),
('P233', 'M047'), ('P245', 'M048'), ('P251', 'M048'),
('P261', 'M049'), ('P269', 'M049'), ('P271', 'M050'),
('P280', 'M050'), ('P297', 'M050'), ('P300', 'M050'),

-- T011 Matches (M051-M055, 2024 Spring)
('P204', 'M051'), ('P206', 'M051'), ('P212', 'M052'),
('P226', 'M052'), ('P235', 'M053'), ('P241', 'M053'),
('P250', 'M054'), ('P259', 'M054'), ('P273', 'M055'),
('P281', 'M055'), ('P290', 'M055'), ('P296', 'M055'),

-- T012 Matches (M056-M060, 2024 Fall)
('P208', 'M056'), ('P216', 'M056'), ('P222', 'M057'),
('P230', 'M057'), ('P242', 'M058'), ('P249', 'M058'),
('P252', 'M059'), ('P268', 'M059'), ('P277', 'M060'),
('P287', 'M060'), ('P291', 'M060'), ('P298', 'M060'),

-- Additional cross-tournament views
('P201', 'M011'), ('P203', 'M021'), ('P207', 'M035'),
('P210', 'M040'), ('P215', 'M050'), ('P220', 'M055'),
('P228', 'M007'), ('P233', 'M014'), ('P240', 'M023'),
('P250', 'M032'), ('P260', 'M043'), ('P270', 'M051'),
('P280', 'M001'), ('P290', 'M010'), ('P300', 'M015'),
('P206', 'M026'), ('P214', 'M035'), ('P224', 'M044'),
('P235', 'M054'), ('P245', 'M005'), ('P255', 'M018'),
('P265', 'M028'), ('P275', 'M038'), ('P285', 'M048'),
('P295', 'M058'), ('P207', 'M004'), ('P217', 'M013'),
('P227', 'M022'), ('P237', 'M031'), ('P247', 'M041'),
('P257', 'M050'), ('P267', 'M059'), ('P277', 'M008'),
('P287', 'M017'), ('P297', 'M027'), ('P201', 'M038'),
('P202', 'M049'), ('P203', 'M059'), ('P204', 'M009'),
('P205', 'M019'), ('P206', 'M029'), ('P207', 'M039');

INSERT INTO PlayerPlaysMatch (player_id, match_id) VALUES
-- T001 Matches (M001-M005, 2019 Spring)
('P001', 'M001'), ('P005', 'M001'), ('P015', 'M001'), ('P027', 'M001'),
('P006', 'M002'), ('P011', 'M002'), ('P014', 'M002'), ('P020', 'M002'),
('P003', 'M003'), ('P008', 'M003'), ('P012', 'M003'), ('P017', 'M003'),
('P018', 'M004'), ('P024', 'M004'), ('P026', 'M004'), ('P028', 'M004'),
('P004', 'M005'), ('P007', 'M005'), ('P013', 'M005'), ('P025', 'M005'),

-- T002 Matches (M006-M010, 2019 Fall)
('P030', 'M006'), ('P031', 'M006'), ('P037', 'M006'), ('P044', 'M006'),
('P034', 'M007'), ('P042', 'M007'), ('P047', 'M007'), ('P053', 'M007'),
('P032', 'M008'), ('P036', 'M008'), ('P040', 'M008'), ('P043', 'M008'),
('P041', 'M009'), ('P045', 'M009'), ('P051', 'M009'), ('P061', 'M009'),
('P048', 'M010'), ('P054', 'M010'), ('P062', 'M010'), ('P066', 'M010'),

-- T003 Matches (M011-M015, 2020 Spring)
('P002', 'M011'), ('P009', 'M011'), ('P019', 'M012'), ('P023', 'M012'),
('P029', 'M013'), ('P035', 'M013'), ('P038', 'M014'), ('P046', 'M014'),
('P056', 'M015'), ('P057', 'M015'), ('P063', 'M015'), ('P065', 'M015'),

-- T004 Matches (M016-M020, 2020 Fall)
('P067', 'M016'), ('P070', 'M016'), ('P071', 'M017'), ('P073', 'M017'),
('P076', 'M018'), ('P077', 'M018'), ('P078', 'M019'), ('P080', 'M019'),
('P081', 'M020'), ('P083', 'M020'), ('P085', 'M020'), ('P087', 'M020'),

-- T005 Matches (M021-M025, 2021 Spring)
('P086', 'M021'), ('P088', 'M021'), ('P091', 'M022'), ('P094', 'M022'),
('P096', 'M023'), ('P098', 'M023'), ('P100', 'M024'), ('P102', 'M024'),
('P104', 'M025'), ('P106', 'M025'), ('P108', 'M025'), ('P109', 'M025'),

-- T006 Matches (M026-M030, 2021 Fall)
('P111', 'M026'), ('P112', 'M026'), ('P113', 'M027'), ('P114', 'M027'),
('P115', 'M028'), ('P116', 'M028'), ('P117', 'M029'), ('P120', 'M029'),
('P122', 'M030'), ('P123', 'M030'), ('P124', 'M030'), ('P126', 'M030'),

-- T007 Matches (M031-M035, 2022 Spring)
('P001', 'M031'), ('P002', 'M031'), ('P003', 'M032'), ('P004', 'M032'),
('P005', 'M033'), ('P006', 'M033'), ('P007', 'M034'), ('P008', 'M034'),
('P009', 'M035'), ('P010', 'M035'), ('P011', 'M035'), ('P012', 'M035'),

-- T008 Matches (M036-M040, 2022 Fall)
('P013', 'M036'), ('P014', 'M036'), ('P015', 'M037'), ('P016', 'M037'),
('P017', 'M038'), ('P018', 'M038'), ('P019', 'M039'), ('P020', 'M039'),
('P021', 'M040'), ('P022', 'M040'), ('P023', 'M040'), ('P024', 'M040'),

-- T009 Matches (M041-M045, 2023 Spring)
('P141', 'M041'), ('P149', 'M041'), ('P153', 'M042'), ('P155', 'M042'),
('P158', 'M043'), ('P161', 'M043'), ('P164', 'M044'), ('P168', 'M044'),
('P172', 'M045'), ('P175', 'M045'), ('P180', 'M045'), ('P184', 'M045'),

-- T010 Matches (M046-M050, 2023 Fall)
('P185', 'M046'), ('P187', 'M046'), ('P190', 'M047'), ('P193', 'M047'),
('P196', 'M048'), ('P197', 'M048'), ('P198', 'M049'), ('P200', 'M049'),
('P107', 'M050'), ('P108', 'M050'), ('P110', 'M050'), ('P114', 'M050'),

-- T011 Matches (M051-M055, 2024 Spring)
('P127', 'M051'), ('P129', 'M051'), ('P132', 'M052'), ('P135', 'M052'),
('P138', 'M053'), ('P140', 'M053'), ('P144', 'M054'), ('P146', 'M054'),
('P150', 'M055'), ('P152', 'M055'), ('P156', 'M055'), ('P159', 'M055'),

-- T012 Matches (M056-M060, 2024 Fall)
('P163', 'M056'), ('P165', 'M056'), ('P167', 'M057'), ('P170', 'M057'),
('P174', 'M058'), ('P176', 'M058'), ('P179', 'M059'), ('P181', 'M059'),
('P183', 'M060'), ('P186', 'M060'), ('P189', 'M060'), ('P191', 'M060'),

-- Additional participation (cross-sport/tournament)
('P001', 'M011'), ('P002', 'M031'), ('P003', 'M052'),
('P004', 'M016'), ('P005', 'M033'), ('P006', 'M009'),
('P007', 'M017'), ('P008', 'M024'), ('P009', 'M035'),
('P010', 'M040'), ('P011', 'M022'), ('P012', 'M014'),
('P013', 'M007'), ('P014', 'M026'), ('P015', 'M037'),
('P016', 'M047'), ('P017', 'M053'), ('P018', 'M004'),
('P019', 'M012'), ('P020', 'M039'), ('P021', 'M029'),
('P022', 'M040'), ('P023', 'M051'), ('P024', 'M004'),
('P025', 'M055'), ('P026', 'M018'), ('P027', 'M021'),
('P028', 'M034'), ('P029', 'M013'), ('P030', 'M023'),
('P031', 'M006'), ('P032', 'M032'), ('P033', 'M043'),
('P034', 'M007'), ('P035', 'M053'), ('P036', 'M044'),
('P037', 'M036'), ('P038', 'M014'), ('P039', 'M026'),
('P040', 'M032'), ('P041', 'M050'), ('P042', 'M007'),
('P043', 'M038'), ('P044', 'M006'), ('P045', 'M059'),
('P046', 'M014'), ('P047', 'M027'), ('P048', 'M010'),
('P049', 'M041'), ('P050', 'M044'), ('P051', 'M046'),
('P052', 'M024'), ('P053', 'M007'), ('P054', 'M010'),
('P055', 'M019'), ('P056', 'M025'), ('P057', 'M015'),
('P058', 'M008'), ('P059', 'M036'), ('P060', 'M047'),
('P061', 'M009'), ('P062', 'M019'), ('P063', 'M035'),
('P064', 'M003'), ('P065', 'M040'), ('P066', 'M010'),
('P067', 'M016'), ('P068', 'M019'), ('P069', 'M043'),
('P070', 'M026'), ('P071', 'M031'), ('P072', 'M047'),
('P073', 'M017'), ('P074', 'M059'), ('P075', 'M021'),
('P076', 'M034'), ('P077', 'M046'), ('P078', 'M019'),
('P079', 'M043'), ('P080', 'M004'), ('P081', 'M028'),
('P082', 'M044'), ('P083', 'M048'), ('P084', 'M003'),
('P085', 'M020'), ('P086', 'M022'), ('P087', 'M053'),
('P088', 'M021'), ('P089', 'M037'), ('P090', 'M046'),
('P091', 'M058'), ('P092', 'M024'), ('P093', 'M054'),
('P094', 'M022'), ('P095', 'M031'), ('P096', 'M047'),
('P097', 'M056'), ('P098', 'M023'), ('P099', 'M034'),
('P100', 'M047'), ('P101', 'M051'), ('P102', 'M055'),
('P103', 'M028'), ('P104', 'M032'), ('P105', 'M048'),
('P106', 'M003'), ('P107', 'M006'), ('P108', 'M015'),
('P109', 'M036'), ('P110', 'M049'), ('P111', 'M058'),
('P112', 'M026'), ('P113', 'M027'), ('P114', 'M040'),
('P115', 'M056'), ('P116', 'M002'), ('P117', 'M029'),
('P118', 'M030'), ('P119', 'M054'), ('P120', 'M014'),
('P121', 'M043'), ('P122', 'M046'), ('P123', 'M050'),
('P124', 'M027'), ('P125', 'M029'), ('P126', 'M002'),
('P127', 'M037'), ('P128', 'M053'), ('P129', 'M040'),
('P130', 'M054'), ('P131', 'M059'), ('P132', 'M052'),
('P133', 'M030'), ('P134', 'M051'), ('P135', 'M036'),
('P136', 'M042'), ('P137', 'M046'), ('P138', 'M053'),
('P139', 'M055'), ('P140', 'M054'), ('P141', 'M045'),
('P142', 'M049'), ('P143', 'M050'), ('P144', 'M042'),
('P145', 'M049'), ('P146', 'M045'), ('P147', 'M006'),
('P148', 'M027'), ('P149', 'M041'), ('P150', 'M055')

ON CONFLICT (player_id,match_id) DO NOTHING;

INSERT INTO SportEquipments (sport_id, equipment_id, number) VALUES
-- Football (SP001)
('SP001', 'E001', 10),
('SP001', 'E002', 2),
('SP001', 'E003', 8),

-- Basketball (SP002)
('SP002', 'E004', 12),
('SP002', 'E005', 2),

-- Tennis (SP003)
('SP003', 'E007', 10),
('SP003', 'E008', 30),
('SP003', 'E009', 2),

-- Chess (SP004)
('SP004', 'E010', 15),
('SP004', 'E011', 8),

-- Cricket (SP005)
('SP005', 'E012', 8),
('SP005', 'E013', 15),
('SP005', 'E014', 4),
('SP005', 'E015', 10),

-- Badminton (SP006)
('SP006', 'E016', 16),
('SP006', 'E017', 50),
('SP006', 'E018', 4),

-- Carrom (SP007)
('SP007', 'E019', 8),
('SP007', 'E020', 16),
('SP007', 'E021', 20),

-- Table Tennis (SP008)
('SP008', 'E022', 4),
('SP008', 'E023', 12),
('SP008', 'E024', 50),

-- Volleyball (SP009)
('SP009', 'E025', 8),
('SP009', 'E026', 3),
('SP009', 'E027', 6),

-- Powerlifting (SP010)
('SP010', 'E028', 40),
('SP010', 'E029', 8),
('SP010', 'E030', 5);

INSERT INTO PlayerSport (player_id, sport_id, level, experience_years) VALUES
-- DA-IICT Players (P001-P010, P015, P019, P022, P024, P027, P030, P032, P035, P038, P040, P045, P049, P053, P056, P060, P063, P067, P070, P072, P076, P079, P081, P084, P086, P089, P091, P094, P098, P099, P101, P106, P111, P116, P121, P126, P131, P136, P141, P146, P151, P156, P161, P166, P171, P176, P181, P186, P191, P196)

-- Core Players assigned to multiple sports for complex queries
('P001', 'SP001', 'Advanced', 4),  -- Aarav, Football
('P001', 'SP002', 'Intermediate', 2),
('P005', 'SP002', 'Advanced', 5),  -- Dhruv, Basketball
('P005', 'SP008', 'Intermediate', 3),
('P015', 'SP005', 'Professional', 6), -- Arjun, Cricket (Veteran)
('P015', 'SP001', 'Intermediate', 3),
('P027', 'SP009', 'Advanced', 4),  -- Yuvraj, Volleyball
('P027', 'SP005', 'Intermediate', 2),
('P045', 'SP010', 'Advanced', 4),  -- Ritesh, Powerlifting
('P045', 'SP006', 'Intermediate', 2),
('P063', 'SP003', 'Professional', 5), -- Arjun, Tennis
('P063', 'SP004', 'Intermediate', 1),
('P081', 'SP004', 'Advanced', 3),  -- Krish, Chess
('P081', 'SP007', 'Intermediate', 3),
('P099', 'SP007', 'Advanced', 4),  -- Chirag, Carrom
('P121', 'SP008', 'Advanced', 3),  -- Arjun, Table Tennis
('P131', 'SP010', 'Advanced', 4),  -- Manan, Powerlifting
('P141', 'SP009', 'Beginner', 1),  -- Devang, new entry

-- Other DA-IICT Players
('P008', 'SP006', 'Intermediate', 3), ('P010', 'SP007', 'Beginner', 1),
('P019', 'SP009', 'Intermediate', 2), ('P022', 'SP008', 'Intermediate', 2),
('P024', 'SP006', 'Intermediate', 3), ('P030', 'SP003', 'Beginner', 2),
('P032', 'SP004', 'Advanced', 4), ('P035', 'SP001', 'Intermediate', 3),
('P038', 'SP006', 'Beginner', 1), ('P040', 'SP004', 'Intermediate', 2),
('P049', 'SP001', 'Intermediate', 1), ('P053', 'SP009', 'Advanced', 5),
('P056', 'SP003', 'Intermediate', 3), ('P060', 'SP004', 'Beginner', 1),
('P067', 'SP005', 'Advanced', 5), ('P070', 'SP008', 'Intermediate', 3),
('P072', 'SP006', 'Beginner', 1), ('P076', 'SP009', 'Intermediate', 2),
('P079', 'SP001', 'Advanced', 4), ('P084', 'SP006', 'Intermediate', 2),
('P086', 'SP003', 'Beginner', 1), ('P089', 'SP002', 'Intermediate', 3),
('P091', 'SP005', 'Intermediate', 2), ('P094', 'SP007', 'Intermediate', 3),
('P098', 'SP003', 'Beginner', 1), ('P101', 'SP002', 'Advanced', 3),
('P106', 'SP007', 'Advanced', 5), ('P111', 'SP005', 'Intermediate', 3),
('P116', 'SP008', 'Intermediate', 3), ('P126', 'SP006', 'Advanced', 5),
('P136', 'SP003', 'Advanced', 4), ('P146', 'SP006', 'Intermediate', 2),
('P151', 'SP002', 'Intermediate', 3), ('P156', 'SP003', 'Advanced', 4),
('P161', 'SP005', 'Intermediate', 3), ('P166', 'SP004', 'Intermediate', 3),
('P171', 'SP001', 'Advanced', 5), ('P176', 'SP007', 'Advanced', 6),
('P181', 'SP002', 'Intermediate', 3), ('P186', 'SP006', 'Beginner', 2),
('P191', 'SP009', 'Advanced', 5), ('P196', 'SP003', 'Intermediate', 3),

-- Nirma University Players (P002, P009, P016, P023, P031, P039, P046, P052, P057, P065, P071, P077, P085, P095, P100, P102, P107, P112, P117, P122, P127, P132, P137, P142, P147, P152, P157, P162, P167, P172, P177, P182, P187, P192, P197)
('P002', 'SP001', 'Advanced', 5), ('P002', 'SP005', 'Intermediate', 2),
('P009', 'SP002', 'Professional', 3), ('P009', 'SP009', 'Intermediate', 2),
('P016', 'SP006', 'Intermediate', 2), ('P023', 'SP005', 'Advanced', 4),
('P031', 'SP002', 'Advanced', 4), ('P039', 'SP009', 'Advanced', 5),
('P046', 'SP007', 'Beginner', 1), ('P057', 'SP002', 'Intermediate', 3),
('P065', 'SP005', 'Intermediate', 3), ('P071', 'SP003', 'Advanced', 3),
('P077', 'SP006', 'Advanced', 2), ('P085', 'SP004', 'Advanced', 3),
('P095', 'SP007', 'Advanced', 4), ('P100', 'SP008', 'Intermediate', 3),
('P107', 'SP009', 'Beginner', 1), ('P117', 'SP004', 'Intermediate', 5),
('P127', 'SP001', 'Intermediate', 2), ('P132', 'SP006', 'Beginner', 1),
('P137', 'SP005', 'Advanced', 6), ('P147', 'SP001', 'Advanced', 5),
('P152', 'SP007', 'Intermediate', 2), ('P157', 'SP005', 'Intermediate', 2),
('P167', 'SP002', 'Advanced', 4), ('P172', 'SP008', 'Advanced', 4),
('P177', 'SP003', 'Intermediate', 4), ('P187', 'SP001', 'Intermediate', 2),
('P197', 'SP009', 'Advanced', 3), ('P182', 'SP006', 'Intermediate', 2),

-- PDPU Players (P003, P011, P017, P025, P033, P041, P047, P054, P061, P069, P078, P087, P092, P103, P108, P113, P118, P123, P128, P133, P138, P143, P148, P153, P158, P163, P168, P173, P178, P183, P188, P193, P198)
('P003', 'SP006', 'Advanced', 3), ('P003', 'SP008', 'Intermediate', 2),
('P011', 'SP001', 'Professional', 5), ('P017', 'SP002', 'Advanced', 4),
('P025', 'SP005', 'Intermediate', 2), ('P033', 'SP007', 'Beginner', 1),
('P041', 'SP009', 'Advanced', 2), ('P047', 'SP008', 'Intermediate', 3),
('P054', 'SP004', 'Advanced', 3), ('P061', 'SP003', 'Advanced', 4),
('P069', 'SP010', 'Beginner', 1), ('P078', 'SP006', 'Advanced', 4),
('P087', 'SP003', 'Professional', 5), ('P103', 'SP004', 'Advanced', 5),
('P113', 'SP007', 'Advanced', 3), ('P123', 'SP009', 'Advanced', 6),
('P133', 'SP002', 'Intermediate', 3), ('P143', 'SP001', 'Intermediate', 4),
('P148', 'SP006', 'Intermediate', 4), ('P153', 'SP001', 'Advanced', 5),
('P163', 'SP009', 'Intermediate', 2), ('P168', 'SP004', 'Advanced', 5),
('P173', 'SP002', 'Intermediate', 3), ('P183', 'SP007', 'Beginner', 1),
('P193', 'SP010', 'Advanced', 4), ('P198', 'SP008', 'Advanced', 5),

-- LDCE Players (P004, P013, P018, P026, P034, P042, P048, P055, P062, P068, P075, P080, P088, P093, P104, P109, P114, P119, P124, P129, P134, P139, P144, P149, P154, P159, P164, P169, P174, P179, P184, P189, P194, P199)
('P004', 'SP001', 'Intermediate', 3), ('P004', 'SP005', 'Beginner', 1),
('P013', 'SP002', 'Advanced', 4), ('P018', 'SP007', 'Intermediate', 3),
('P026', 'SP003', 'Intermediate', 3), ('P034', 'SP008', 'Advanced', 4),
('P048', 'SP005', 'Advanced', 3), ('P055', 'SP009', 'Intermediate', 2),
('P062', 'SP006', 'Beginner', 1), ('P068', 'SP008', 'Intermediate', 2),
('P075', 'SP001', 'Advanced', 5), ('P080', 'SP007', 'Beginner', 1),
('P088', 'SP003', 'Intermediate', 3), ('P093', 'SP009', 'Advanced', 2),
('P104', 'SP004', 'Advanced', 4), ('P114', 'SP006', 'Beginner', 1),
('P119', 'SP007', 'Intermediate', 3), ('P129', 'SP002', 'Advanced', 4),
('P139', 'SP010', 'Advanced', 4), ('P144', 'SP006', 'Advanced', 5),
('P149', 'SP005', 'Intermediate', 2), ('P154', 'SP003', 'Intermediate', 3),
('P164', 'SP004', 'Beginner', 1), ('P169', 'SP001', 'Intermediate', 5),
('P174', 'SP008', 'Advanced', 2), ('P179', 'SP007', 'Advanced', 3),
('P189', 'SP002', 'Advanced', 5), ('P194', 'SP004', 'Advanced', 6),
('P199', 'SP005', 'Advanced', 5),

-- MSU Baroda Players (P007, P014, P021, P029, P037, P044, P051, P059, P066, P073, P083, P090, P097, P105, P115, P125, P135, P145, P155, P165, P175, P185, P195)
('P007', 'SP005', 'Advanced', 4), ('P007', 'SP001', 'Intermediate', 2),
('P014', 'SP006', 'Advanced', 4), ('P021', 'SP009', 'Advanced', 3),
('P029', 'SP001', 'Intermediate', 2), ('P037', 'SP005', 'Professional', 5),
('P044', 'SP007', 'Advanced', 4), ('P051', 'SP002', 'Advanced', 3),
('P059', 'SP006', 'Intermediate', 4), ('P066', 'SP008', 'Beginner', 2),
('P073', 'SP003', 'Intermediate', 4), ('P083', 'SP004', 'Advanced', 5),
('P097', 'SP010', 'Advanced', 5), ('P105', 'SP002', 'Professional', 6),
('P115', 'SP009', 'Intermediate', 2), ('P125', 'SP005', 'Intermediate', 4),
('P135', 'SP001', 'Advanced', 3), ('P145', 'SP009', 'Advanced', 4),
('P155', 'SP010', 'Professional', 6), ('P165', 'SP001', 'Intermediate', 2),
('P175', 'SP005', 'Beginner', 1), ('P185', 'SP003', 'Advanced', 6),
('P195', 'SP002', 'Intermediate', 2),

-- IIT Gandhinagar Players (P006, P012, P020, P028, P036, P043, P050, P058, P064, P074, P082, P090, P096, P110, P120, P130, P140, P150, P160, P170, P180, P190, P200)
('P006', 'SP006', 'Advanced', 3), ('P012', 'SP008', 'Beginner', 1),
('P020', 'SP005', 'Intermediate', 4), ('P028', 'SP009', 'Advanced', 5),
('P036', 'SP004', 'Advanced', 2), ('P043', 'SP003', 'Intermediate', 2),
('P050', 'SP007', 'Advanced', 5), ('P058', 'SP008', 'Beginner', 1),
('P064', 'SP004', 'Intermediate', 3), ('P074', 'SP002', 'Intermediate', 3),
('P082', 'SP006', 'Intermediate', 2), ('P090', 'SP009', 'Beginner', 1),
('P096', 'SP007', 'Intermediate', 2), ('P110', 'SP006', 'Advanced', 5),
('P120', 'SP005', 'Intermediate', 2), ('P130', 'SP008', 'Intermediate', 3),
('P140', 'SP004', 'Advanced', 2), ('P150', 'SP003', 'Intermediate', 4),
('P160', 'SP006', 'Beginner', 2), ('P170', 'SP007', 'Intermediate', 3),
('P180', 'SP009', 'Advanced', 4), ('P190', 'SP003', 'Beginner', 1),
('P200', 'SP004', 'Intermediate', 2);

INSERT INTO PlayerTeam (player_id, team_id, joining_date, end_date) VALUES
-- DA-IICT Players (College Teams T001-T010)
('P001', 'T001', '2021-08-15', NULL), -- Aarav - Football (Captain)
('P005', 'T002', '2019-09-01', NULL), -- Dhruv - Basketball (Captain)
('P008', 'T005', '2021-03-01', '2023-05-30'), -- Kavya - Badminton
('P010', 'T007', '2022-09-10', NULL), -- Riya - Chess
('P015', 'T003', '2019-09-01', NULL), -- Arjun - Cricket (Captain)
('P019', 'T004', '2022-01-20', NULL), -- Kunal - Volleyball
('P022', 'T008', '2022-05-10', NULL), -- Diya - Carrom
('P024', 'T005', '2021-11-05', NULL), -- Aditi - Badminton
('P027', 'T004', '2020-09-15', NULL), -- Yuvraj - Volleyball (Captain)
('P030', 'T006', '2020-10-10', NULL), -- Shreya - Tennis
('P032', 'T007', '2021-08-20', NULL), -- Kritika - Chess
('P035', 'T001', '2021-09-25', NULL), -- Parth - Football
('P038', 'T005', '2022-05-01', NULL), -- Mitali - Badminton
('P040', 'T007', '2021-09-01', NULL), -- Isha - Chess
('P045', 'T010', '2021-08-01', NULL), -- Ritesh - Powerlifting (Captain)
('P049', 'T001', '2022-10-10', NULL), -- Tushar - Football
('P053', 'T004', '2020-01-15', NULL), -- Dhruv - Volleyball
('P056', 'T006', '2020-12-01', NULL), -- Neha - Tennis
('P060', 'T007', '2022-10-05', NULL), -- Anushka - Chess
('P063', 'T006', '2021-01-10', NULL), -- Arjun - Tennis (Captain)
('P067', 'T003', '2019-09-01', NULL), -- Mihir - Cricket
('P070', 'T009', '2021-01-01', NULL), -- Jiya - TT
('P072', 'T005', '2022-09-10', NULL), -- Tanvi - Badminton
('P076', 'T004', '2021-09-05', NULL), -- Manya - Volleyball
('P079', 'T001', '2021-10-01', NULL), -- Dharmik - Football
('P081', 'T007', '2020-09-01', NULL), -- Krish - Chess (Captain)
('P084', 'T005', '2022-01-15', NULL), -- Snehal - Badminton
('P086', 'T006', '2022-05-01', NULL), -- Anvi - Tennis
('P089', 'T002', '2020-09-01', NULL), -- Tirth - Basketball
('P091', 'T003', '2021-10-01', NULL), -- Harshil - Cricket
('P094', 'T008', '2021-09-10', NULL), -- Dhriti - Carrom
('P098', 'T006', '2022-09-01', NULL), -- Rashmi - Tennis
('P099', 'T008', '2021-09-01', NULL), -- Chirag - Carrom (Captain)
('P101', 'T002', '2020-09-01', NULL), -- Aarav - Basketball
('P106', 'T008', '2019-10-15', NULL), -- Aanya - Carrom
('P111', 'T003', '2020-09-01', NULL), -- Harsh - Cricket
('P116', 'T009', '2020-12-20', NULL), -- Meera - TT
('P121', 'T009', '2020-09-01', NULL), -- Arjun - TT (Captain)
('P126', 'T005', '2019-10-20', NULL), -- Kritika - Badminton
('P131', 'T010', '2019-10-01', NULL), -- Manan - Powerlifting (Captain)
('P136', 'T006', '2019-10-01', NULL), -- Roshni - Tennis
('P141', 'T004', '2023-09-01', NULL), -- Devang - Volleyball
('P146', 'T005', '2021-10-25', NULL), -- Rhea - Badminton
('P151', 'T002', '2020-09-01', NULL), -- Aarav - Basketball
('P156', 'T006', '2020-01-01', NULL), -- Manya - Tennis
('P161', 'T003', '2019-09-01', NULL), -- Jay - Cricket
('P166', 'T007', '2020-01-15', NULL), -- Sneha - Chess
('P171', 'T001', '2019-09-01', NULL), -- Aditya - Football
('P176', 'T008', '2019-09-01', NULL), -- Mitali - Carrom
('P181', 'T002', '2021-03-01', NULL), -- Harsh - Basketball
('P186', 'T005', '2021-03-01', '2022-08-30'), -- Shruti - Badminton (Left)
('P191', 'T004', '2019-09-01', NULL), -- Kush - Volleyball
('P196', 'T006', '2021-03-01', NULL), -- Isha - Tennis

---
-- Nirma University Players (College Teams T011-T020)
('P002', 'T011', '2020-09-01', NULL), -- Rohan - Football (Captain)
('P009', 'T012', '2021-09-01', NULL), -- Yash - Basketball (Captain)
('P016', 'T015', '2022-03-01', NULL), -- Sneha - Badminton
('P023', 'T013', '2020-09-01', NULL), -- Vivek - Cricket (Captain)
('P031', 'T012', '2019-09-01', NULL), -- Ankit - Basketball
('P039', 'T014', '2020-09-01', NULL), -- Jay - Volleyball (Captain)
('P046', 'T017', '2022-09-01', NULL), -- Aarohi - Chess
('P052', 'T015', '2022-05-15', NULL), -- Sanya - Badminton
('P057', 'T015', '2021-01-10', NULL), -- Saurabh - Badminton (Captain)
('P065', 'T013', '2020-09-01', NULL), -- Pranav - Cricket
('P071', 'T016', '2021-09-01', NULL), -- Nirav - Tennis (Captain)
('P077', 'T015', '2022-09-01', NULL), -- Aman - Badminton
('P085', 'T017', '2021-03-01', NULL), -- Kushal - Chess (Captain)
('P095', 'T018', '2020-09-01', NULL), -- Yug - Carrom (Captain)
('P100', 'T019', '2020-12-01', NULL), -- Shruti - TT
('P107', 'T014', '2022-10-01', NULL), -- Vihaan - Volleyball
('P117', 'T017', '2019-09-01', NULL), -- Laksh - Chess
('P127', 'T011', '2022-03-01', NULL), -- Parth - Football
('P132', 'T015', '2023-09-01', NULL), -- Avni - Badminton
('P137', 'T013', '2019-09-01', NULL), -- Harit - Cricket
('P142', 'T015', '2020-09-01', NULL), -- Anjali - Badminton
('P147', 'T011', '2019-09-01', NULL), -- Yuvraj - Football
('P152', 'T018', '2021-09-01', NULL), -- Kiara - Carrom
('P157', 'T013', '2021-09-01', NULL), -- Karan - Cricket
('P162', 'T015', '2019-09-01', NULL), -- Riya - Badminton
('P167', 'T012', '2020-09-01', NULL), -- Nirav - Basketball
('P172', 'T019', '2020-09-01', NULL), -- Charmi - TT
('P177', 'T016', '2020-09-01', NULL), -- Aayush - Tennis
('P182', 'T015', '2021-09-01', NULL), -- Aarohi - Badminton
('P187', 'T011', '2021-09-01', NULL), -- Rahil - Football
('P192', 'T018', '2021-09-01', NULL), -- Nisha - Carrom
('P197', 'T014', '2021-09-01', NULL), -- Krish - Volleyball

---
-- PDPU Players (College Teams T021-T030)
('P003', 'T025', '2022-01-01', NULL), -- Ishita - Badminton
('P011', 'T021', '2019-09-01', NULL), -- Aditya - Football (Captain)
('P017', 'T022', '2020-09-01', NULL), -- Ritik - Basketball (Captain)
('P025', 'T023', '2022-01-01', NULL), -- Sahil - Cricket (Captain)
('P033', 'T028', '2022-03-01', NULL), -- Dev - Carrom
('P041', 'T024', '2022-03-01', NULL), -- Rohit - Volleyball (Captain)
('P047', 'T029', '2020-09-01', NULL), -- Mohit - TT
('P054', 'T027', '2021-03-01', NULL), -- Ira - Chess
('P061', 'T026', '2019-09-01', NULL), -- Hardik - Tennis (Captain)
('P069', 'T030', '2022-05-01', NULL), -- Rudra - Powerlifting
('P078', 'T025', '2020-09-01', NULL), -- Harini - Badminton
('P087', 'T026', '2019-09-01', NULL), -- Ritesh - Tennis
('P092', 'T025', '2020-09-01', '2022-06-30'), -- Kavisha - Badminton (Left)
('P103', 'T027', '2019-09-01', NULL), -- Rohan - Chess (Captain)
('P108', 'T025', '2021-09-01', NULL), -- Mahi - Badminton
('P113', 'T028', '2021-09-01', NULL), -- Yash - Carrom
('P118', 'T025', '2018-09-01', '2020-08-30'), -- Sara - Badminton (Historical)
('P123', 'T024', '2019-09-01', NULL), -- Dhruv - Volleyball
('P133', 'T022', '2020-09-01', NULL), -- Tirth - Basketball
('P138', 'T025', '2020-09-01', NULL), -- Sneha - Badminton
('P143', 'T021', '2019-09-01', NULL), -- Jay - Football
('P148', 'T025', '2019-09-01', NULL), -- Ishita - Badminton
('P153', 'T021', '2019-09-01', NULL), -- Rudra - Football
('P158', 'T027', '2018-09-01', NULL), -- Risha - Chess
('P163', 'T024', '2021-09-01', NULL), -- Parth - Volleyball
('P168', 'T027', '2019-09-01', NULL), -- Kaira - Chess
('P173', 'T022', '2020-09-01', NULL), -- Rohit - Basketball
('P178', 'T025', '2020-09-01', NULL), -- Rupal - Badminton
('P183', 'T028', '2022-09-01', NULL), -- Ritesh - Carrom
('P188', 'T025', '2019-09-01', NULL), -- Avni - Badminton
('P193', 'T030', '2020-09-01', NULL), -- Pranav - Powerlifting (Captain)
('P198', 'T029', '2020-09-01', NULL), -- Mahi - TT

---
-- LDCE Players (College Teams T031-T040)
('P004', 'T031', '2021-09-01', NULL), -- Neel - Football (Captain)
('P013', 'T032', '2021-01-01', NULL), -- Manav - Basketball (Captain)
('P018', 'T037', '2021-09-01', NULL), -- Tanya - Chess
('P026', 'T036', '2021-03-01', NULL), -- Nisha - Tennis
('P034', 'T039', '2020-09-01', NULL), -- Snehal - TT
('P048', 'T033', '2021-09-01', NULL), -- Jahnavi - Cricket (Captain)
('P055', 'T034', '2022-05-01', NULL), -- Rachit - Volleyball
('P062', 'T035', '2022-09-01', NULL), -- Sneha - Badminton
('P068', 'T039', '2022-03-01', NULL), -- Riya - TT
('P075', 'T031', '2019-09-01', NULL), -- Jay - Football
('P080', 'T037', '2022-09-01', NULL), -- Ritika - Chess
('P088', 'T036', '2021-09-01', NULL), -- Nidhi - Tennis (Captain)
('P093', 'T034', '2022-03-01', NULL), -- Manan - Volleyball (Captain)
('P104', 'T037', '2020-09-01', NULL), -- Diya - Chess (Captain)
('P109', 'T032', '2019-09-01', NULL), -- Dev - Basketball
('P114', 'T035', '2023-09-01', NULL), -- Niyati - Badminton
('P119', 'T038', '2021-09-01', NULL), -- Aditya - Carrom
('P124', 'T039', '2020-09-01', NULL), -- Anaya - TT
('P129', 'T032', '2020-09-01', NULL), -- Karan - Basketball
('P134', 'T034', '2022-09-01', NULL), -- Charmi - Volleyball
('P139', 'T040', '2019-09-01', NULL), -- Rudra - Powerlifting (Captain)
('P144', 'T035', '2019-09-01', NULL), -- Prisha - Badminton
('P149', 'T033', '2022-05-01', NULL), -- Raj - Cricket
('P154', 'T036', '2020-09-01', NULL), -- Ira - Tennis
('P159', 'T032', '2020-09-01', NULL), -- Dhruv - Basketball
('P164', 'T037', '2023-09-01', NULL), -- Diya - Chess
('P169', 'T031', '2019-09-01', NULL), -- Manan - Football
('P174', 'T039', '2022-09-01', NULL), -- Niyati - TT
('P179', 'T038', '2021-01-01', NULL), -- Dharmik - Carrom (Captain)
('P184', 'T035', '2019-09-01', NULL), -- Tisha - Badminton
('P189', 'T032', '2018-09-01', NULL), -- Vivek - Basketball
('P194', 'T037', '2018-09-01', NULL), -- Riddhi - Chess
('P199', 'T033', '2018-09-01', NULL), -- Tirth - Cricket

---
-- MSU Baroda Players (College Teams T041-T050)
('P007', 'T043', '2020-09-01', NULL), -- Harsh - Cricket
('P014', 'T045', '2020-09-01', NULL), -- Priya - Badminton
('P021', 'T044', '2021-09-01', NULL), -- Nikhil - Volleyball (Captain)
('P029', 'T041', '2022-03-01', NULL), -- Varun - Football
('P037', 'T043', '2019-09-01', NULL), -- Rahul - Cricket (Captain)
('P044', 'T048', '2020-09-01', NULL), -- Nidhi - Carrom (Captain)
('P051', 'T042', '2020-09-01', NULL), -- Samar - Basketball (Captain)
('P059', 'T045', '2020-09-01', NULL), -- Karan - Badminton (Captain)
('P066', 'T049', '2021-09-01', NULL), -- Nisha - TT
('P073', 'T046', '2020-09-01', NULL), -- Raj - Tennis
('P083', 'T047', '2019-09-01', NULL), -- Yash - Chess (Captain)
('P090', 'T044', '2022-09-01', NULL), -- Aanya - Volleyball
('P097', 'T050', '2019-09-01', NULL), -- Vansh - Powerlifting (Captain)
('P105', 'T042', '2018-09-01', NULL), -- Krish - Basketball
('P115', 'T044', '2022-05-01', NULL), -- Aarush - Volleyball
('P125', 'T043', '2019-09-01', NULL), -- Aryan - Cricket
('P135', 'T041', '2021-09-01', NULL), -- Neel - Football (Captain)
('P145', 'T044', '2020-09-01', NULL), -- Kunal - Volleyball
('P155', 'T050', '2018-09-01', NULL), -- Dev - Powerlifting
('P165', 'T041', '2022-05-01', NULL), -- Arjun - Football
('P175', 'T043', '2023-09-01', NULL), -- Yash - Cricket
('P185', 'T046', '2018-09-01', NULL), -- Devansh - Tennis (Captain)
('P195', 'T042', '2022-05-01', NULL), -- Aman - Basketball

---
-- IIT Gandhinagar Players (College Teams T051-T060)
('P006', 'T055', '2022-05-01', NULL), -- Ananya - Badminton (Captain)
('P012', 'T052', '2023-09-01', NULL), -- Simran - Basketball (Captain)
('P020', 'T053', '2019-09-01', NULL), -- Megha - Cricket (Captain)
('P028', 'T054', '2019-09-01', NULL), -- Rachita - Volleyball (Captain)
('P036', 'T057', '2022-09-01', NULL), -- Ankita - Chess (Captain)
('P043', 'T056', '2022-05-01', NULL), -- Karan - Tennis (Captain)
('P050', 'T057', '2019-09-01', NULL), -- Pooja - Chess
('P058', 'T059', '2022-09-01', NULL), -- Aarohi - TT
('P064', 'T057', '2022-03-01', NULL), -- Kritika - Chess
('P074', 'T052', '2021-03-01', NULL), -- Aisha - Basketball
('P082', 'T055', '2022-05-01', NULL), -- Pooja - Badminton
('P090', 'T054', '2022-09-01', NULL), -- Aanya - Volleyball
('P096', 'T058', '2022-09-01', NULL), -- Mahi - Carrom (Captain)
('P110', 'T055', '2018-09-01', NULL), -- Kavya - Badminton
('P120', 'T053', '2022-05-01', NULL), -- Jiya - Cricket
('P130', 'T059', '2021-09-01', NULL), -- Riddhi - TT (Captain)
('P140', 'T057', '2022-03-01', NULL), -- Mitali - Chess
('P150', 'T056', '2020-09-01', NULL), -- Tanya - Tennis
('P160', 'T055', '2022-09-01', NULL), -- Tanya - Badminton
('P170', 'T058', '2021-09-01', NULL), -- Aanya - Carrom
('P180', 'T054', '2020-09-01', NULL), -- Neha - Volleyball
('P190', 'T056', '2023-09-01', NULL), -- Meera - Tennis
('P200', 'T057', '2022-09-01', NULL); -- Kashvi - Chess

INSERT INTO PlayerTeam (player_id, team_id, joining_date, end_date) VALUES
-- DA-IICT Players (T001-T010) - Focus on early joiners leaving
('P001', 'T002', '2020-09-01', '2022-01-15'), -- Aarav left Basketball
('P015', 'T004', '2019-01-10', '2021-08-01'), -- Arjun left Volleyball
('P035', 'T003', '2019-10-01', '2023-01-01'), -- Parth left Cricket
('P053', 'T002', '2019-09-01', '2020-11-30'), -- Dhruv left Basketball
('P067', 'T001', '2019-09-01', '2022-09-01'), -- Mihir left Football
('P081', 'T009', '2020-03-01', '2023-03-01'), -- Krish left TT
('P106', 'T005', '2019-09-01', '2021-02-14'), -- Aanya left Badminton
('P126', 'T003', '2018-10-01', '2020-10-01'), -- Kritika left Cricket
('P171', 'T005', '2020-01-01', '2022-01-01'), -- Aditya left Badminton
('P186', 'T006', '2020-11-01', '2022-03-10'), -- Shruti left Tennis
('P191', 'T002', '2019-09-01', '2021-09-01'), -- Kush left Basketball
('P196', 'T005', '2020-03-01', '2022-05-01'), -- Isha left Badminton

---
-- Nirma University Players (T011-T020)
('P031', 'T011', '2019-09-01', '2021-05-01'), -- Ankit left Football
('P057', 'T012', '2020-09-01', '2022-09-01'), -- Saurabh left Basketball
('P065', 'T014', '2020-09-01', '2022-01-01'), -- Pranav left Volleyball
('P112', 'T016', '2019-10-01', '2021-10-01'), -- Tanya left Tennis
('P147', 'T013', '2018-09-01', '2021-09-01'), -- Yuvraj left Cricket
('P162', 'T018', '2018-09-01', '2020-09-01'), -- Riya left Carrom
('P177', 'T015', '2019-09-01', '2021-03-01'), -- Aayush left Badminton

---
-- PDPU Players (T021-T030)
('P017', 'T023', '2020-09-01', '2022-02-01'), -- Ritik left Cricket
('P078', 'T026', '2020-03-01', '2022-03-01'), -- Harini left Tennis
('P113', 'T025', '2021-09-01', '2023-09-01'), -- Yash left Badminton
('P133', 'T024', '2020-09-01', '2022-05-01'), -- Tirth left Volleyball
('P148', 'T027', '2019-09-01', '2021-09-01'), -- Ishita left Chess

---
-- LDCE Players (T031-T040)
('P018', 'T035', '2021-09-01', '2023-09-01'), -- Tanya left Badminton
('P034', 'T035', '2020-09-01', '2022-09-01'), -- Snehal left Badminton
('P075', 'T034', '2019-09-01', '2021-09-01'), -- Jay left Volleyball
('P109', 'T031', '2019-09-01', '2021-09-01'), -- Dev left Football
('P139', 'T032', '2019-09-01', '2022-09-01'), -- Rudra left Basketball

---
-- MSU Baroda Players (T041-T050)
('P007', 'T042', '2020-09-01', '2022-09-01'), -- Harsh left Basketball
('P037', 'T041', '2019-09-01', '2021-09-01'), -- Rahul left Football
('P051', 'T043', '2020-09-01', '2022-01-01'), -- Samar left Cricket

---
-- IIT Gandhinagar Players (T051-T060)
('P020', 'T054', '2019-09-01', '2021-09-01'), -- Megha left Volleyball
('P074', 'T055', '2021-03-01', '2023-01-01'); -- Aisha left Badminton

INSERT INTO TeamPlaysMatch (match_id, team_id) VALUES
-- T001 (2019 Spring)
('M001', 'T001'), ('M001', 'T011'),  -- Football: DA-IICT vs Nirma
('M002', 'T053'), ('M002', 'T043'), -- Cricket: IITG vs MSU
('M003', 'T022'), ('M003', 'T042'),  -- Basketball: PDPU vs MSU
('M004', 'T055'), ('M004', 'T035'),    -- Badminton: IITG vs LDCE
('M005', 'T006'), ('M005', 'T026'),    -- Tennis: DA-IICT vs PDPU

-- T002 (2019 Fall)
('M006', 'T004'), ('M006', 'T014'),    -- Volleyball: DA-IICT vs Nirma
('M007', 'T039'), ('M007', 'T029'),    -- Table Tennis: LDCE vs PDPU
('M008', 'T047'), ('M008', 'T057'),    -- Chess: MSU vs IITG
('M009', 'T010'), ('M009', 'T040'), -- Powerlifting: DA-IICT vs LDCE
('M010', 'T028'), ('M010', 'T008'),    -- Carrom: PDPU vs DA-IICT

-- T003 (2020 Spring)
('M011', 'T031'), ('M011', 'T041'),    -- Football: LDCE vs MSU
('M012', 'T012'), ('M012', 'T052'),  -- Basketball: Nirma vs IITG
('M013', 'T023'), ('M013', 'T003'), -- Cricket: PDPU vs DA-IICT
('M014', 'T045'), ('M014', 'T055'),    -- Badminton: MSU vs IITG
('M015', 'T036'), ('M015', 'T016'),    -- Tennis: LDCE vs Nirma

-- T004 (2020 Fall)
('M016', 'T054'), ('M016', 'T044'),    -- Volleyball: IITG vs MSU
('M017', 'T019'), ('M017', 'T059'),    -- Table Tennis: Nirma vs IITG
('M018', 'T027'), ('M018', 'T007'),    -- Chess: PDPU vs DA-IICT
('M019', 'T030'), ('M019', 'T050'), -- Powerlifting: PDPU vs MSU
('M020', 'T018'), ('M020', 'T038'),    -- Carrom: Nirma vs LDCE

-- T005 (2021 Spring)
('M021', 'T001'), ('M021', 'T041'),    -- Football: DA-IICT vs MSU
('M022', 'T053'), ('M022', 'T023'), -- Cricket: IITG vs PDPU
('M023', 'T012'), ('M023', 'T032'),  -- Basketball: Nirma vs LDCE
('M024', 'T005'), ('M024', 'T045'),    -- Badminton: DA-IICT vs MSU
('M025', 'T056'), ('M025', 'T016'),    -- Tennis: IITG vs Nirma

-- T006 (2021 Fall)
('M026', 'T024'), ('M026', 'T054'),    -- Volleyball: PDPU vs IITG
('M027', 'T049'), ('M027', 'T009'),    -- Table Tennis: MSU vs DA-IICT
('M028', 'T017'), ('M028', 'T037'),    -- Chess: Nirma vs LDCE
('M029', 'T050'), ('M029', 'T010'), -- Powerlifting: MSU vs DA-IICT
('M030', 'T048'), ('M030', 'T028'),    -- Carrom: MSU vs PDPU

-- T007 (2022 Spring)
('M031', 'T001'), ('M031', 'T031'),    -- Football: DA-IICT vs LDCE
('M032', 'T052'), ('M032', 'T022'),  -- Basketball: IITG vs PDPU
('M033', 'T013'), ('M033', 'T043'), -- Cricket: Nirma vs MSU
('M034', 'T055'), ('M034', 'T015'),    -- Badminton: IITG vs Nirma
('M035', 'T046'), ('M035', 'T026'),    -- Tennis: MSU vs PDPU

-- T008 (2022 Fall)
('M036', 'T044'), ('M036', 'T014'),    -- Volleyball: MSU vs Nirma
('M037', 'T009'), ('M037', 'T039'),    -- Table Tennis: DA-IICT vs LDCE
('M038', 'T017'), ('M038', 'T047'),    -- Chess: Nirma vs MSU
('M039', 'T030'), ('M039', 'T050'), -- Powerlifting: PDPU vs MSU
('M040', 'T008'), ('M040', 'T048'),    -- Carrom: DA-IICT vs MSU

-- T009 (2023 Spring)
('M041', 'T021'), ('M041', 'T011'),    -- Football: PDPU vs Nirma
('M042', 'T003'), ('M042', 'T043'), -- Cricket: DA-IICT vs MSU
('M043', 'T012'), ('M043', 'T022'),  -- Basketball: Nirma vs PDPU
('M044', 'T055'), ('M044', 'T005'),    -- Badminton: IITG vs DA-IICT
('M045', 'T036'), ('M045', 'T056'),    -- Tennis: LDCE vs IITG

-- T010 (2023 Fall)
('M046', 'T044'), ('M046', 'T024'),    -- Volleyball: MSU vs PDPU
('M047', 'T019'), ('M047', 'T059'),    -- Table Tennis: Nirma vs IITG
('M048', 'T007'), ('M048', 'T027'),    -- Chess: DA-IICT vs PDPU
('M049', 'T010'), ('M049', 'T030'), -- Powerlifting: DA-IICT vs PDPU
('M050', 'T018'), ('M050', 'T048'),    -- Carrom: Nirma vs MSU

-- T011 (2024 Spring)
('M051', 'T031'), ('M051', 'T041'),    -- Football: LDCE vs MSU
('M052', 'T042'), ('M052', 'T052'),  -- Basketball: MSU vs IITG
('M053', 'T003'), ('M053', 'T023'), -- Cricket: DA-IICT vs PDPU
('M054', 'T035'), ('M054', 'T015'),    -- Badminton: LDCE vs Nirma
('M055', 'T026'), ('M055', 'T046'),    -- Tennis: PDPU vs MSU

-- T012 (2024 Fall)
('M056', 'T004'), ('M056', 'T054'),    -- Volleyball: DA-IICT vs IITG
('M057', 'T039'), ('M057', 'T019'),    -- Table Tennis: LDCE vs Nirma
('M058', 'T057'), ('M058', 'T037'),    -- Chess: IITG vs LDCE
('M059', 'T010'), ('M059', 'T050'), -- Powerlifting: DA-IICT vs MSU
('M060', 'T028'), ('M060', 'T008');    -- Carrom: PDPU vs DA-IICT

INSERT INTO TeamCoach (team_id, coach_id, join_date, end_date) VALUES
-- Coach C001 (Rajesh Patel) - Focus: DA-IICT Football/Basketball & LDCE Football
('T001', 'C001', '2021-01-10', NULL),
('T002', 'C001', '2019-09-01', NULL),
('T031', 'C001', '2020-05-20', '2023-01-01'), -- Historical LDCE Football

-- Coach C002 (Sonal Desai) - Focus: Nirma Basketball/Volleyball & MSU Basketball
('T012', 'C002', '2020-03-01', NULL),
('T014', 'C002', '2021-09-01', NULL),
('T042', 'C002', '2019-10-01', '2022-05-01'), -- Historical MSU Basketball

-- Coach C003 (Vikas Sharma) - Focus: PDPU Football/Cricket/Powerlifting & DA-IICT Cricket
('T021', 'C003', '2019-09-01', '2023-09-01'), -- Historical PDPU Football
('T023', 'C003', '2020-01-15', NULL),
('T030', 'C003', '2022-01-01', NULL),
('T003', 'C003', '2019-10-01', NULL),

-- Coach C004 (Priya Menon) - Focus: LDCE Tennis/TT/Carrom & IITG Tennis
('T036', 'C004', '2021-05-01', NULL),
('T038', 'C004', '2021-01-01', NULL),
('T039', 'C004', '2020-09-01', '2023-05-01'), -- Historical LDCE TT
('T056', 'C004', '2022-03-01', NULL),

-- Coach C005 (Manish Trivedi) - Focus: MSU Cricket/Volleyball & Nirma Cricket
('T043', 'C005', '2019-09-01', NULL),
('T044', 'C005', '2020-09-01', NULL),
('T013', 'C005', '2020-01-01', NULL),
('T041', 'C005', '2021-03-01', '2023-03-01'), -- Historical MSU Football

-- Coach C006 (Rita Joshi) - Focus: DA-IICT Badminton/Tennis & LDCE Badminton
('T005', 'C006', '2019-10-01', NULL),
('T006', 'C006', '2020-01-01', NULL),
('T035', 'C006', '2022-01-01', NULL),
('T008', 'C006', '2020-09-01', '2022-09-01'), -- Historical DA-IICT Carrom

-- Coach C007 (Ajay Bhatia) - Focus: IITG Cricket/Volleyball & MSU Chess
('T053', 'C007', '2020-01-01', NULL),
('T054', 'C007', '2021-09-01', NULL),
('T047', 'C007', '2019-09-01', '2022-09-01'), -- Historical MSU Chess
('T024', 'C007', '2021-05-01', '2023-05-01'), -- Historical PDPU Volleyball

-- Coach C008 (Neha Kapoor) - Focus: Nirma Badminton/Chess & IITG Badminton
('T015', 'C008', '2021-01-01', NULL),
('T017', 'C008', '2021-09-01', NULL),
('T055', 'C008', '2022-01-01', NULL),
('T007', 'C008', '2020-09-01', '2023-09-01'), -- Historical DA-IICT Chess

-- Coach C009 (Kiran Chauhan) - Focus: PDPU Tennis/TT/Carrom & MSU TT/Carrom
('T026', 'C009', '2019-09-01', NULL),
('T028', 'C009', '2020-01-01', NULL),
('T029', 'C009', '2020-09-01', NULL),
('T048', 'C009', '2021-09-01', NULL),
('T049', 'C009', '2021-01-01', '2023-01-01'), -- Historical MSU TT

-- Coach C010 (Deepak Verma) - Focus: LDCE Basketball/Cricket & IITG Basketball
('T032', 'C010', '2020-01-01', NULL),
('T033', 'C010', '2021-05-01', NULL),
('T052', 'C010', '2021-01-01', NULL),
('T016', 'C010', '2020-09-01', '2023-01-01'), -- Historical Nirma Tennis

-- Coach C011 (Nidhi Iyer) - Focus: All Powerlifting Teams
('T010', 'C011', '2020-01-01', NULL),
('T030', 'C011', '2020-09-01', '2022-12-31'), -- Historical PDPU Powerlifting
('T040', 'C011', '2019-09-01', NULL),
('T050', 'C011', '2019-10-01', NULL),
('T060', 'C011', '2022-05-01', NULL),

-- Coach C012 (Amit Gaur) - Focus: Nirma Football/TT/Carrom & DA-IICT TT
('T011', 'C012', '2020-09-01', NULL),
('T018', 'C012', '2021-09-01', NULL),
('T019', 'C012', '2021-09-01', NULL),
('T009', 'C012', '2021-01-01', NULL),

-- Coach C013 (Sanjay Rao) - Focus: LDCE Volleyball/Powerlifting & MSU Powerlifting
('T034', 'C013', '2022-01-01', NULL),
('T040', 'C013', '2021-05-01', '2023-05-01'), -- Historical LDCE Powerlifting
('T050', 'C013', '2021-01-01', '2023-01-01'), -- Historical MSU Powerlifting
('T037', 'C013', '2022-09-01', NULL), -- LDCE Chess (new sport for C013)

-- Coach C014 (Sneha Tiwari) - Focus: IITG Chess/Carrom/TT & MSU Badminton
('T057', 'C014', '2021-09-01', NULL),
('T058', 'C014', '2022-01-01', NULL),
('T059', 'C014', '2021-09-01', NULL),
('T045', 'C014', '2021-01-01', NULL),
('T046', 'C014', '2020-09-01', '2023-09-01'), -- Historical MSU Tennis

-- Coach C015 (Kunal Mehta) - Focus: PDPU Basketball/Volleyball & LDCE Badminton
('T022', 'C015', '2021-01-01', NULL),
('T024', 'C015', '2023-06-01', NULL), -- Current PDPU Volleyball
('T035', 'C015', '2020-09-01', '2021-12-31'), -- Historical LDCE Badminton
('T027', 'C015', '2021-05-01', NULL); -- PDPU Chess (new sport for C015)

INSERT INTO PlayerStatistics (player_id, match_id, status_name, score) VALUES
-- M001 (Football, SP001) - T001: Goals
('P001', 'M001', 'Goals', 1), ('P005', 'M001', 'Goals', 0), ('P015', 'M001', 'Goals', 2), ('P027', 'M001', 'Goals', 0),
('P002', 'M011', 'Goals', 1), ('P009', 'M011', 'Goals', 0), ('P019', 'M012', 'Goals', 0), ('P023', 'M012', 'Goals', 0),

-- M002 (Cricket, SP005) - T001: Runs
('P006', 'M002', 'Runs', 15), ('P011', 'M002', 'Runs', 30), ('P014', 'M002', 'Runs', 8), ('P020', 'M002', 'Runs', 45),
('P067', 'M002', 'Wickets', 2), ('P067', 'M002', 'Runs', 10), ('P091', 'M002', 'Runs', 50), ('P111', 'M002', 'Wickets', 3),

-- M003 (Basketball, SP002) - T001: Points
('P003', 'M003', 'Points', 15), ('P008', 'M003', 'Points', 5), ('P012', 'M003', 'Points', 20), ('P017', 'M003', 'Points', 12),
('P019', 'M012', 'Points', 8), ('P023', 'M012', 'Points', 18), ('P029', 'M013', 'Points', 10), ('P035', 'M013', 'Points', 5),

-- M004 (Badminton, SP006) - T001: Points_Scored
('P018', 'M004', 'Points_Scored', 15), ('P024', 'M004', 'Points_Scored', 21), ('P026', 'M004', 'Points_Scored', 8), ('P028', 'M004', 'Points_Scored', 18),
('P038', 'M014', 'Points_Scored', 10), ('P046', 'M014', 'Points_Scored', 15), ('P056', 'M015', 'Points_Scored', 12), ('P057', 'M015', 'Points_Scored', 21),

-- M005 (Tennis, SP003) - T001: Games_Won
('P004', 'M005', 'Games_Won', 4), ('P007', 'M005', 'Games_Won', 6), ('P013', 'M005', 'Games_Won', 2), ('P025', 'M005', 'Games_Won', 3),

-- M006 (Volleyball, SP009) - T002: Aces
('P030', 'M006', 'Aces', 2), ('P031', 'M006', 'Aces', 1), ('P037', 'M006', 'Aces', 0), ('P044', 'M006', 'Aces', 3),
('P041', 'M024', 'Aces', 4), ('P045', 'M024', 'Aces', 0), ('P051', 'M024', 'Aces', 1), ('P061', 'M024', 'Aces', 2),

-- M007 (Table Tennis, SP008) - T002: Sets_Won
('P034', 'M007', 'Sets_Won', 2), ('P042', 'M007', 'Sets_Won', 1), ('P047', 'M007', 'Sets_Won', 1), ('P053', 'M007', 'Sets_Won', 0),

-- M008 (Chess, SP004) - T002: Win_Loss
('P032', 'M008', 'Win_Loss', 1), ('P036', 'M008', 'Win_Loss', 0), ('P040', 'M008', 'Win_Loss', 0), ('P043', 'M008', 'Win_Loss', 1),

-- M009 (Powerlifting, SP010) - T002: Total_Kg
('P041', 'M009', 'Total_Kg', 220), ('P045', 'M009', 'Total_Kg', 230), ('P051', 'M009', 'Total_Kg', 180), ('P061', 'M009', 'Total_Kg', 210),

-- M010 (Carrom, SP007) - T002: Points_Scored
('P048', 'M010', 'Points_Scored', 20), ('P054', 'M010', 'Points_Scored', 15), ('P062', 'M010', 'Points_Scored', 10), ('P066', 'M010', 'Points_Scored', 18),

-- M011 (Football, SP001) - T003
('P002', 'M011', 'Goals', 1), ('P009', 'M011', 'Goals', 1), ('P030', 'M006', 'Goals', 0), ('P031', 'M006', 'Goals', 0),

-- M012 (Basketball, SP002) - T003
('P005', 'M012', 'Points', 15), ('P006', 'M012', 'Points', 25), ('P011', 'M012', 'Points', 18), ('P012', 'M012', 'Points', 10),

-- M013 (Cricket, SP005) - T003
('P029', 'M013', 'Runs', 75), ('P035', 'M013', 'Runs', 40), ('P042', 'M007', 'Runs', 20), ('P047', 'M007', 'Runs', 5),

-- M014 (Badminton, SP006) - T003
('P038', 'M014', 'Points_Scored', 21), ('P046', 'M014', 'Points_Scored', 18), ('P056', 'M015', 'Points_Scored', 20), ('P057', 'M015', 'Points_Scored', 15),

-- M015 (Tennis, SP003) - T003
('P063', 'M015', 'Games_Won', 6), ('P065', 'M015', 'Games_Won', 5), ('P071', 'M015', 'Games_Won', 4), ('P073', 'M015', 'Games_Won', 7),

-- M016 (Volleyball, SP009) - T004
('P067', 'M016', 'Aces', 3), ('P070', 'M016', 'Aces', 2), ('P071', 'M017', 'Aces', 0), ('P073', 'M017', 'Aces', 1),

-- M017 (Table Tennis, SP008) - T004
('P076', 'M018', 'Sets_Won', 1), ('P077', 'M018', 'Sets_Won', 2), ('P078', 'M019', 'Sets_Won', 0), ('P080', 'M019', 'Sets_Won', 1),

-- M018 (Chess, SP004) - T004
('P081', 'M020', 'Win_Loss', 1), ('P083', 'M020', 'Win_Loss', 0), ('P085', 'M020', 'Win_Loss', 0), ('P087', 'M020', 'Win_Loss', 1),

-- M019 (Powerlifting, SP010) - T004
('P086', 'M021', 'Total_Kg', 200), ('P088', 'M021', 'Total_Kg', 190), ('P091', 'M022', 'Total_Kg', 215), ('P094', 'M022', 'Total_Kg', 185),

-- M020 (Carrom, SP007) - T004
('P096', 'M023', 'Points_Scored', 15), ('P098', 'M023', 'Points_Scored', 20), ('P100', 'M024', 'Points_Scored', 18), ('P102', 'M024', 'Points_Scored', 22),

-- M021 (Football, SP001) - T005
('P104', 'M025', 'Goals', 0), ('P106', 'M025', 'Goals', 1), ('P108', 'M025', 'Goals', 0), ('P109', 'M025', 'Goals', 1),

-- M022 (Cricket, SP005) - T005
('P111', 'M026', 'Runs', 55), ('P112', 'M026', 'Runs', 12), ('P113', 'M027', 'Runs', 2), ('P114', 'M027', 'Runs', 80),

-- M023 (Basketball, SP002) - T005
('P115', 'M028', 'Points', 5), ('P116', 'M028', 'Points', 20), ('P117', 'M029', 'Points', 15), ('P120', 'M029', 'Points', 8),

-- M024 (Badminton, SP006) - T005
('P122', 'M030', 'Points_Scored', 21), ('P123', 'M030', 'Points_Scored', 10), ('P124', 'M030', 'Points_Scored', 15), ('P126', 'M030', 'Points_Scored', 20),

-- M025 (Tennis, SP003) - T005
('P127', 'M031', 'Games_Won', 5), ('P129', 'M031', 'Games_Won', 6), ('P132', 'M032', 'Games_Won', 3), ('P135', 'M032', 'Games_Won', 4),

-- M026 (Volleyball, SP009) - T006
('P138', 'M033', 'Aces', 1), ('P140', 'M033', 'Aces', 0), ('P144', 'M034', 'Aces', 3), ('P146', 'M034', 'Aces', 2),

-- M027 (Table Tennis, SP008) - T006
('P150', 'M035', 'Sets_Won', 2), ('P152', 'M035', 'Sets_Won', 1), ('P156', 'M036', 'Sets_Won', 1), ('P159', 'M036', 'Sets_Won', 2),

-- M028 (Chess, SP004) - T006
('P163', 'M037', 'Win_Loss', 1), ('P165', 'M037', 'Win_Loss', 0), ('P167', 'M038', 'Win_Loss', 0), ('P170', 'M038', 'Win_Loss', 1),

-- M029 (Powerlifting, SP010) - T006
('P174', 'M039', 'Total_Kg', 180), ('P176', 'M039', 'Total_Kg', 210), ('P179', 'M040', 'Total_Kg', 205), ('P181', 'M040', 'Total_Kg', 235),

-- M030 (Carrom, SP007) - T006
('P183', 'M041', 'Points_Scored', 10), ('P186', 'M041', 'Points_Scored', 20), ('P189', 'M042', 'Points_Scored', 15), ('P191', 'M042', 'Points_Scored', 25),

-- M031 (Football, SP001) - T007
('P001', 'M031', 'Goals', 1), ('P002', 'M031', 'Goals', 1), ('P003', 'M032', 'Goals', 0), ('P004', 'M032', 'Goals', 0),

-- M032 (Basketball, SP002) - T007
('P005', 'M033', 'Points', 10), ('P006', 'M033', 'Points', 15), ('P007', 'M034', 'Points', 5), ('P008', 'M034', 'Points', 12),

-- M033 (Cricket, SP005) - T007
('P009', 'M035', 'Runs', 50), ('P010', 'M035', 'Runs', 10), ('P011', 'M035', 'Runs', 30), ('P012', 'M035', 'Runs', 60),

-- M034 (Badminton, SP006) - T007
('P013', 'M036', 'Points_Scored', 15), ('P014', 'M036', 'Points_Scored', 21), ('P015', 'M037', 'Points_Scored', 18), ('P016', 'M037', 'Points_Scored', 15),

-- M035 (Tennis, SP003) - T007
('P017', 'M038', 'Games_Won', 5), ('P018', 'M038', 'Games_Won', 6), ('P019', 'M039', 'Games_Won', 3), ('P020', 'M039', 'Games_Won', 4),

-- M036 (Volleyball, SP009) - T008
('P021', 'M040', 'Aces', 2), ('P022', 'M040', 'Aces', 1), ('P023', 'M040', 'Aces', 0), ('P024', 'M040', 'Aces', 3),

-- M037 (Table Tennis, SP008) - T008
('P141', 'M041', 'Sets_Won', 2), ('P149', 'M041', 'Sets_Won', 1), ('P153', 'M042', 'Sets_Won', 1), ('P155', 'M042', 'Sets_Won', 2),

-- M038 (Chess, SP004) - T008
('P158', 'M043', 'Win_Loss', 1), ('P161', 'M043', 'Win_Loss', 0), ('P164', 'M044', 'Win_Loss', 0), ('P168', 'M044', 'Win_Loss', 1),

-- M039 (Powerlifting, SP010) - T008
('P172', 'M045', 'Total_Kg', 230), ('P175', 'M045', 'Total_Kg', 240), ('P180', 'M045', 'Total_Kg', 190), ('P184', 'M045', 'Total_Kg', 210),

-- M040 (Carrom, SP007) - T008
('P185', 'M046', 'Points_Scored', 12), ('P187', 'M046', 'Points_Scored', 23), ('P190', 'M047', 'Points_Scored', 18), ('P193', 'M047', 'Points_Scored', 15),

-- M041 (Football, SP001) - T009
('P196', 'M048', 'Goals', 1), ('P197', 'M048', 'Goals', 0), ('P107', 'M050', 'Goals', 1), ('P108', 'M050', 'Goals', 0),

-- M042 (Cricket, SP005) - T009
('P110', 'M050', 'Runs', 5), ('P114', 'M050', 'Runs', 15), ('P127', 'M051', 'Runs', 30), ('P129', 'M051', 'Runs', 55),

-- M043 (Basketball, SP002) - T009
('P132', 'M052', 'Points', 8), ('P135', 'M052', 'Points', 15), ('P138', 'M053', 'Points', 20), ('P140', 'M053', 'Points', 12),

-- M044 (Badminton, SP006) - T009
('P144', 'M054', 'Points_Scored', 21), ('P146', 'M054', 'Points_Scored', 19), ('P150', 'M055', 'Points_Scored', 10), ('P152', 'M055', 'Points_Scored', 15),

-- M045 (Tennis, SP003) - T009
('P156', 'M036', 'Games_Won', 4), ('P159', 'M036', 'Games_Won', 6), ('P163', 'M056', 'Games_Won', 2), ('P165', 'M056', 'Games_Won', 5),

-- M046 (Volleyball, SP009) - T010
('P167', 'M057', 'Aces', 3), ('P170', 'M057', 'Aces', 1), ('P174', 'M058', 'Aces', 0), ('P176', 'M058', 'Aces', 2),

-- M047 (Table Tennis, SP008) - T010
('P179', 'M059', 'Sets_Won', 1), ('P181', 'M059', 'Sets_Won', 2), ('P183', 'M060', 'Sets_Won', 0), ('P186', 'M060', 'Sets_Won', 1),

-- M048 (Chess, SP004) - T010
('P189', 'M060', 'Win_Loss', 1), ('P191', 'M060', 'Win_Loss', 0), ('P193', 'M060', 'Win_Loss', 0), ('P194', 'M060', 'Win_Loss', 1),

-- M049 (Powerlifting, SP010) - T010
('P127', 'M049', 'Total_Kg', 210), ('P129', 'M049', 'Total_Kg', 200), ('P132', 'M052', 'Total_Kg', 180), ('P135', 'M052', 'Total_Kg', 220),

-- M050 (Carrom, SP007) - T010
('P138', 'M053', 'Points_Scored', 25), ('P140', 'M053', 'Points_Scored', 15), ('P144', 'M054', 'Points_Scored', 20), ('P146', 'M054', 'Points_Scored', 18)

ON CONFLICT (player_id, match_id, status_name) DO NOTHING;


INSERT INTO TeamStatistics (team_id, match_id, status_name, score) VALUES
-- T001 (2019 Spring)
('T001', 'M001', 'Goals', 3), ('T011', 'M001', 'Goals', 1),
('T053', 'M002', 'Runs', 180), ('T043', 'M002', 'Runs', 178),
('T022', 'M003', 'Points', 75), ('T042', 'M003', 'Points', 68),
('T055', 'M004', 'Sets_Won', 2), ('T035', 'M004', 'Sets_Won', 0),
('T006', 'M005', 'Games_Won', 6), ('T026', 'M005', 'Games_Won', 4),

-- T002 (2019 Fall)
('T004', 'M006', 'Sets_Won', 3), ('T014', 'M006', 'Sets_Won', 1),
('T039', 'M007', 'Sets_Won', 2), ('T029', 'M007', 'Sets_Won', 1),
('T047', 'M008', 'Win_Loss', 1), ('T057', 'M008', 'Win_Loss', 0),
('T010', 'M009', 'Total_Weight_Kg', 450), ('T040', 'M009', 'Total_Weight_Kg', 430),
('T028', 'M010', 'Sets_Won', 2), ('T008', 'M010', 'Sets_Won', 1),

-- T003 (2020 Spring)
('T031', 'M011', 'Goals', 2), ('T041', 'M011', 'Goals', 1),
('T012', 'M012', 'Points', 88), ('T052', 'M012', 'Points', 79),
('T023', 'M013', 'Runs', 155), ('T003', 'M013', 'Runs', 160),
('T045', 'M014', 'Sets_Won', 2), ('T055', 'M014', 'Sets_Won', 1),
('T036', 'M015', 'Games_Won', 7), ('T016', 'M015', 'Games_Won', 5),

-- T004 (2020 Fall)
('T054', 'M016', 'Sets_Won', 3), ('T044', 'M016', 'Sets_Won', 0),
('T019', 'M017', 'Sets_Won', 2), ('T059', 'M017', 'Sets_Won', 0),
('T027', 'M018', 'Win_Loss', 1), ('T007', 'M018', 'Win_Loss', 0),
('T030', 'M019', 'Total_Weight_Kg', 480), ('T050', 'M019', 'Total_Weight_Kg', 465),
('T018', 'M020', 'Sets_Won', 2), ('T038', 'M020', 'Sets_Won', 0),

-- T005 (2021 Spring)
('T001', 'M021', 'Goals', 1), ('T041', 'M021', 'Goals', 1),
('T053', 'M022', 'Runs', 120), ('T023', 'M022', 'Runs', 125),
('T012', 'M023', 'Points', 90), ('T032', 'M023', 'Points', 85),
('T005', 'M024', 'Sets_Won', 2), ('T045', 'M024', 'Sets_Won', 0),
('T056', 'M025', 'Games_Won', 6), ('T016', 'M025', 'Games_Won', 7),

-- T006 (2021 Fall)
('T024', 'M026', 'Sets_Won', 3), ('T054', 'M026', 'Sets_Won', 2),
('T049', 'M027', 'Sets_Won', 2), ('T009', 'M027', 'Sets_Won', 1),
('T017', 'M028', 'Win_Loss', 1), ('T037', 'M028', 'Win_Loss', 1), -- Both assigned 1 for draw statistical purposes
('T050', 'M029', 'Total_Weight_Kg', 510), ('T010', 'M029', 'Total_Weight_Kg', 515),
('T048', 'M030', 'Sets_Won', 2), ('T028', 'M030', 'Sets_Won', 0),

-- T007 (2022 Spring)
('T001', 'M031', 'Goals', 2), ('T031', 'M031', 'Goals', 0),
('T052', 'M032', 'Points', 77), ('T022', 'M032', 'Points', 75),
('T013', 'M033', 'Runs', 135), ('T043', 'M033', 'Runs', 140),
('T055', 'M034', 'Sets_Won', 2), ('T015', 'M034', 'Sets_Won', 1),
('T046', 'M035', 'Games_Won', 6), ('T026', 'M035', 'Games_Won', 3),

-- T008 (2022 Fall)
('T044', 'M036', 'Sets_Won', 3), ('T014', 'M036', 'Sets_Won', 2),
('T009', 'M037', 'Sets_Won', 2), ('T039', 'M037', 'Sets_Won', 1),
('T017', 'M038', 'Win_Loss', 0), ('T047', 'M038', 'Win_Loss', 1),
('T030', 'M039', 'Total_Weight_Kg', 490), ('T050', 'M039', 'Total_Weight_Kg', 495),
('T008', 'M040', 'Sets_Won', 2), ('T048', 'M040', 'Sets_Won', 0),

-- T009 (2023 Spring)
('T021', 'M041', 'Goals', 1), ('T011', 'M041', 'Goals', 1),
('T003', 'M042', 'Runs', 190), ('T043', 'M042', 'Runs', 188),
('T012', 'M043', 'Points', 80), ('T022', 'M043', 'Points', 78),
('T055', 'M044', 'Sets_Won', 2), ('T005', 'M044', 'Sets_Won', 1),
('T036', 'M045', 'Games_Won', 6), ('T056', 'M045', 'Games_Won', 4),

-- T010 (2023 Fall)
('T044', 'M046', 'Sets_Won', 3), ('T024', 'M046', 'Sets_Won', 1),
('T019', 'M047', 'Sets_Won', 2), ('T059', 'M047', 'Sets_Won', 2),
('T007', 'M048', 'Win_Loss', 1), ('T027', 'M048', 'Win_Loss', 0),
('T010', 'M049', 'Total_Weight_Kg', 500), ('T030', 'M049', 'Total_Weight_Kg', 490),
('T018', 'M050', 'Sets_Won', 2), ('T048', 'M050', 'Sets_Won', 1),

-- T011 (2024 Spring)
('T031', 'M051', 'Goals', 1), ('T041', 'M051', 'Goals', 2),
('T042', 'M052', 'Points', 95), ('T052', 'M052', 'Points', 85),
('T003', 'M053', 'Runs', 170), ('T023', 'M053', 'Runs', 172),
('T035', 'M054', 'Sets_Won', 2), ('T015', 'M054', 'Sets_Won', 0),
('T026', 'M055', 'Games_Won', 7), ('T046', 'M055', 'Games_Won', 5),

-- T012 (2024 Fall)
('T004', 'M056', 'Sets_Won', 3), ('T054', 'M056', 'Sets_Won', 0),
('T039', 'M057', 'Sets_Won', 2), ('T019', 'M057', 'Sets_Won', 1),
('T057', 'M058', 'Win_Loss', 1), ('T037', 'M058', 'Win_Loss', 0),
('T010', 'M059', 'Total_Weight_Kg', 470), ('T050', 'M059', 'Total_Weight_Kg', 485),
('T028', 'M060', 'Sets_Won', 2), ('T008', 'M060', 'Sets_Won', 0);

INSERT INTO Result (match_id, team_id, outcome) VALUES
-- M001 (Football: T001=3 vs T011=1)
('M001', 'T001', 'Win'),
('M001', 'T011', 'Loss'),
-- M002 (Cricket: T053=180 vs T043=178)
('M002', 'T053', 'Win'),
('M002', 'T043', 'Loss'),
-- M003 (Basketball: T022=75 vs T042=68)
('M003', 'T022', 'Win'),
('M003', 'T042', 'Loss'),
-- M004 (Badminton: T055=2 vs T035=0)
('M004', 'T055', 'Win'),
('M004', 'T035', 'Loss'),
-- M005 (Tennis: T006=6 vs T026=4)
('M005', 'T006', 'Win'),
('M005', 'T026', 'Loss'),
-- M006 (Volleyball: T004=3 vs T014=1)
('M006', 'T004', 'Win'),
('M006', 'T014', 'Loss'),
-- M007 (Table Tennis: T039=2 vs T029=1)
('M007', 'T039', 'Win'),
('M007', 'T029', 'Loss'),
-- M008 (Chess: T047=1 vs T057=0)
('M008', 'T047', 'Win'),
('M008', 'T057', 'Loss'),
-- M009 (Powerlifting: T010=450 vs T040=430)
('M009', 'T010', 'Win'),
('M009', 'T040', 'Loss'),
-- M010 (Carrom: T028=2 vs T008=1)
('M010', 'T028', 'Win'),
('M010', 'T008', 'Loss'),

-- M011 (Football: T031=2 vs T041=1)
('M011', 'T031', 'Win'),
('M011', 'T041', 'Loss'),
-- M012 (Basketball: T012=88 vs T052=79)
('M012', 'T012', 'Win'),
('M012', 'T052', 'Loss'),
-- M013 (Cricket: T023=155 vs T003=160)
('M013', 'T023', 'Loss'),
('M013', 'T003', 'Win'),
-- M014 (Badminton: T045=2 vs T055=1)
('M014', 'T045', 'Win'),
('M014', 'T055', 'Loss'),
-- M015 (Tennis: T036=7 vs T016=5)
('M015', 'T036', 'Win'),
('M015', 'T016', 'Loss'),

-- M016 (Volleyball: T054=3 vs T044=0)
('M016', 'T054', 'Win'),
('M016', 'T044', 'Loss'),
-- M017 (Table Tennis: T019=2 vs T059=0)
('M017', 'T019', 'Win'),
('M017', 'T059', 'Loss'),
-- M018 (Chess: T027=1 vs T007=0)
('M018', 'T027', 'Win'),
('M018', 'T007', 'Loss'),
-- M019 (Powerlifting: T030=480 vs T050=465)
('M019', 'T030', 'Win'),
('M019', 'T050', 'Loss'),
-- M020 (Carrom: T018=2 vs T038=0)
('M020', 'T018', 'Win'),
('M020', 'T038', 'Loss'),

-- M021 (Football: T001=1 vs T041=1)
('M021', 'T001', 'Draw'),
('M021', 'T041', 'Draw'),
-- M022 (Cricket: T053=120 vs T023=125)
('M022', 'T053', 'Loss'),
('M022', 'T023', 'Win'),
-- M023 (Basketball: T012=90 vs T032=85)
('M023', 'T012', 'Win'),
('M023', 'T032', 'Loss'),
-- M024 (Badminton: T005=2 vs T045=0)
('M024', 'T005', 'Win'),
('M024', 'T045', 'Loss'),
-- M025 (Tennis: T056=6 vs T016=7)
('M025', 'T056', 'Loss'),
('M025', 'T016', 'Win'),

-- M026 (Volleyball: T024=3 vs T054=2)
('M026', 'T024', 'Win'),
('M026', 'T054', 'Loss'),
-- M027 (Table Tennis: T049=2 vs T009=1)
('M027', 'T049', 'Win'),
('M027', 'T009', 'Loss'),
-- M028 (Chess: T017=1 vs T037=1) - Assuming chess draws count as 'Draw'
('M028', 'T017', 'Draw'),
('M028', 'T037', 'Draw'),
-- M029 (Powerlifting: T050=510 vs T010=515)
('M029', 'T050', 'Loss'),
('M029', 'T010', 'Win'),
-- M030 (Carrom: T048=2 vs T028=0)
('M030', 'T048', 'Win'),
('M030', 'T028', 'Loss'),

-- M031 (Football: T001=2 vs T031=0)
('M031', 'T001', 'Win'),
('M031', 'T031', 'Loss'),
-- M032 (Basketball: T052=77 vs T022=75)
('M032', 'T052', 'Win'),
('M032', 'T022', 'Loss'),
-- M033 (Cricket: T013=135 vs T043=140)
('M033', 'T013', 'Loss'),
('M033', 'T043', 'Win'),
-- M034 (Badminton: T055=2 vs T015=1)
('M034', 'T055', 'Win'),
('M034', 'T015', 'Loss'),
-- M035 (Tennis: T046=6 vs T026=3)
('M035', 'T046', 'Win'),
('M035', 'T026', 'Loss'),

-- M036 (Volleyball: T044=3 vs T014=2)
('M036', 'T044', 'Win'),
('M036', 'T014', 'Loss'),
-- M037 (Table Tennis: T009=2 vs T039=1)
('M037', 'T009', 'Win'),
('M037', 'T039', 'Loss'),
-- M038 (Chess: T017=0 vs T047=1)
('M038', 'T017', 'Loss'),
('M038', 'T047', 'Win'),
-- M039 (Powerlifting: T030=490 vs T050=495)
('M039', 'T030', 'Loss'),
('M039', 'T050', 'Win'),
-- M040 (Carrom: T008=2 vs T048=0)
('M040', 'T008', 'Win'),
('M040', 'T048', 'Loss'),

-- M041 (Football: T021=1 vs T011=1)
('M041', 'T021', 'Draw'),
('M041', 'T011', 'Draw'),
-- M042 (Cricket: T003=190 vs T043=188)
('M042', 'T003', 'Win'),
('M042', 'T043', 'Loss'),
-- M043 (Basketball: T012=80 vs T022=78)
('M043', 'T012', 'Win'),
('M043', 'T022', 'Loss'),
-- M044 (Badminton: T055=2 vs T005=1)
('M044', 'T055', 'Win'),
('M044', 'T005', 'Loss'),
-- M045 (Tennis: T036=6 vs T056=4)
('M045', 'T036', 'Win'),
('M045', 'T056', 'Loss'),

-- M046 (Volleyball: T044=3 vs T024=1)
('M046', 'T044', 'Win'),
('M046', 'T024', 'Loss'),
-- M047 (Table Tennis: T019=2 vs T059=2)
('M047', 'T019', 'Draw'),
('M047', 'T059', 'Draw'),
-- M048 (Chess: T007=1 vs T027=0)
('M048', 'T007', 'Win'),
('M048', 'T027', 'Loss'),
-- M049 (Powerlifting: T010=500 vs T030=490)
('M049', 'T010', 'Win'),
('M049', 'T030', 'Loss'),
-- M050 (Carrom: T018=2 vs T048=1)
('M050', 'T018', 'Win'),
('M050', 'T048', 'Loss'),

-- M051 (Football: T031=1 vs T041=2)
('M051', 'T031', 'Loss'),
('M051', 'T041', 'Win'),
-- M052 (Basketball: T042=95 vs T052=85)
('M052', 'T042', 'Win'),
('M052', 'T052', 'Loss'),
-- M053 (Cricket: T003=170 vs T023=172)
('M053', 'T003', 'Loss'),
('M053', 'T023', 'Win'),
-- M054 (Badminton: T035=2 vs T015=0)
('M054', 'T035', 'Win'),
('M054', 'T015', 'Loss'),
-- M055 (Tennis: T026=7 vs T046=5)
('M055', 'T026', 'Win'),
('M055', 'T046', 'Loss'),

-- M056 (Volleyball: T004=3 vs T054=0)
('M056', 'T004', 'Win'),
('M056', 'T054', 'Loss'),
-- M057 (Table Tennis: T039=2 vs T019=1)
('M057', 'T039', 'Win'),
('M057', 'T019', 'Loss'),
-- M058 (Chess: T057=1 vs T037=0)
('M058', 'T057', 'Win'),
('M058', 'T037', 'Loss'),
-- M059 (Powerlifting: T010=470 vs T050=485)
('M059', 'T010', 'Loss'),
('M059', 'T050', 'Win'),
-- M060 (Carrom: T028=2 vs T008=0)
('M060', 'T028', 'Win'),
('M060', 'T008', 'Loss');


